IDX,Voltage,Target Wl
0,2.62127748,1627.5
1,2.24740524,1627.5011248875
2,1.94203222,1627.502249775
3,1.7603902,1627.5033746625
4,1.67347332,1627.5045
5,1.67641603,1627.5056248875
6,1.75262117,1627.5067497750001
7,1.8949971,1627.5078746625
8,2.12888268,1627.509
9,2.58532022,1627.5101248875
10,3.19220841,1627.5112497750001
11,3.90592008,1627.5123746625
12,4.80759812,1627.5135
13,5.36214074,1627.5146248875
14,5.30386689,1627.5157497750001
15,4.56818903,1627.5168746625
16,3.71328709,1627.518
17,3.13925396,1627.5191248875
18,2.47411277,1627.5202497750001
19,2.15665086,1627.5213746625
20,1.91171782,1627.5225
21,1.73333279,1627.5236248875
22,1.67561556,1627.5247497750001
23,1.69676834,1627.5258746625
24,1.79215715,1627.527
25,1.95412004,1627.5281248875
26,2.28715662,1627.5292497750002
27,2.77643328,1627.5303746625
28,3.47838986,1627.5315
29,4.32048819,1627.5326248875
30,5.1253941,1627.5337497750002
31,5.38786887,1627.5348746625
32,5.312889,1627.536
33,4.59521416,1627.5371248875
34,3.67466061,1627.5382497750002
35,2.87722981,1627.5393746625
36,2.31309194,1627.5405
37,1.95944218,1627.5416248875001
38,1.78881887,1627.5427497750002
39,1.694998,1627.5438746625
40,1.68362224,1627.545
41,1.74848523,1627.5461248875001
42,1.88375228,1627.5472497750002
43,2.0356458,1627.5483746625
44,2.39235916,1627.5495
45,2.99454994,1627.5506248875001
46,3.80184697,1627.5517497750002
47,4.72693983,1627.5528746625
48,5.33279707,1627.554
49,5.26971518,1627.5551248875001
50,4.97841883,1627.5562497750002
51,4.66837575,1627.5573746625
52,4.01131282,1627.5585
53,4.73482342,1627.5596248875001
54,5.32861286,1627.5607497750002
55,5.38873565,1627.5618746625
56,5.13441143,1627.563
57,4.55690568,1627.5641248875002
58,3.84890722,1627.5652497750002
59,3.35021809,1627.5663746625
60,2.85952422,1627.5675
61,2.27042688,1627.5686248875002
62,1.95648494,1627.5697497750002
63,1.75942352,1627.5708746625
64,1.68399145,1627.572
65,1.67945199,1627.5731248875
66,1.73605178,1627.574249775
67,1.85435187,1627.5753746624998
68,2.07580259,1627.5765
69,2.36888434,1627.5776248875
70,2.95628131,1627.578749775
71,3.5217909,1627.5798746624998
72,4.34393036,1627.581
73,5.13779175,1627.5821248875
74,5.39007366,1627.583249775
75,5.3386955,1627.5843746624998
76,4.66259608,1627.5855
77,3.79272154,1627.5866248875
78,3.02544651,1627.587749775
79,2.41623961,1627.5888746624998
80,2.05205473,1627.59
81,1.82240642,1627.5911248875
82,1.7061751,1627.592249775
83,1.67481426,1627.5933746624999
84,1.72907012,1627.5945
85,1.83883046,1627.5956248875
86,2.06642018,1627.596749775
87,2.33934922,1627.5978746624999
88,2.80399977,1627.599
89,3.63079186,1627.6001248875
90,4.39369579,1627.601249775
91,5.13409202,1627.6023746624999
92,5.39273197,1627.6035
93,5.29446888,1627.6046248875
94,4.39951564,1627.605749775
95,3.51376617,1627.6068746624999
96,2.94368268,1627.608
97,2.38017741,1627.6091248875
98,2.07765186,1627.610249775
99,1.88220122,1627.6113746624999
100,1.72558086,1627.6125
101,1.67367714,1627.6136248875
102,1.68994597,1627.614749775
103,1.77701184,1627.6158746625
104,1.97953573,1627.617
105,1.96535629,1627.6181248875
106,1.92070538,1627.619249775
107,1.86568347,1627.6203746625
108,1.857283,1627.6215
109,2.03605119,1627.6226248875
110,2.497816,1627.623749775
111,3.08031359,1627.6248746625
112,3.72503206,1627.626
113,4.33409041,1627.6271248875
114,4.83387935,1627.628249775
115,5.21230472,1627.6293746625
116,5.3839933,1627.6305
117,5.29786397,1627.6316248875
118,4.77907228,1627.632749775
119,4.09292735,1627.6338746625
120,3.39991275,1627.635
121,2.74734958,1627.6361248875
122,2.19726458,1627.637249775
123,1.91672921,1627.6383746625
124,1.75249163,1627.6395
125,1.67554164,1627.6406248875
126,1.6874739,1627.641749775
127,1.80625881,1627.6428746625
128,1.98085195,1627.644
129,2.31687483,1627.6451248875
130,2.80916883,1627.6462497750001
131,3.3025196,1627.6473746625
132,4.2301296,1627.6485
133,5.00601604,1627.6496248875
134,5.38462453,1627.6507497750001
135,5.31641223,1627.6518746625
136,4.66372606,1627.653
137,3.89601409,1627.6541248875
138,2.90830956,1627.6552497750001
139,2.49146262,1627.6563746625
140,2.09258352,1627.6575
141,1.87605237,1627.6586248875
142,1.74740025,1627.6597497750001
143,1.67819293,1627.6608746625
144,1.68715588,1627.662
145,1.77232434,1627.6631248875
146,1.9461752,1627.6642497750001
147,2.24342181,1627.6653746625
148,2.71277204,1627.6665
149,2.69528653,1627.6676248875
150,2.64978488,1627.6687497750002
151,2.57622161,1627.6698746625
152,2.40181069,1627.671
153,2.98576607,1627.6721248875
154,3.69408056,1627.6732497750002
155,4.37163837,1627.6743746625
156,5.16002958,1627.6755
157,5.37480555,1627.6766248875
158,5.3886348,1627.6777497750002
159,5.35160233,1627.6788746625
160,4.99853188,1627.68
161,4.1959614,1627.6811248875001
162,3.40336663,1627.6822497750002
163,2.74422415,1627.6833746625
164,2.31219962,1627.6845
165,2.00721265,1627.6856248875001
166,1.77946448,1627.6867497750002
167,1.68243687,1627.6878746625
168,1.67961855,1627.689
169,1.75674118,1627.6901248875001
170,1.89536501,1627.6912497750002
171,2.24895502,1627.6923746625
172,2.76162485,1627.6935
173,3.39684226,1627.6946248875001
174,3.93770289,1627.6957497750002
175,4.74438458,1627.6968746625
176,5.29425499,1627.698
177,5.38478419,1627.6991248875001
178,5.01825006,1627.7002497750002
179,4.19621524,1627.7013746625
180,3.49363921,1627.7025
181,2.71028614,1627.7036248875002
182,2.21486169,1627.7047497750002
183,1.87147064,1627.7058746625
184,1.72605314,1627.707
185,1.74597873,1627.7081248875002
186,1.77065204,1627.7092497750002
187,1.83357954,1627.7103746625
188,1.88564971,1627.7115
189,1.7376326,1627.7126248875
190,1.66913745,1627.713749775
191,1.67343515,1627.7148746624998
192,1.76457007,1627.716
193,1.86203575,1627.7171248875
194,2.01062343,1627.718249775
195,2.13991197,1627.7193746624998
196,2.36614977,1627.7205
197,2.91787563,1627.7216248875
198,3.6698904,1627.722749775
199,4.5582144,1627.7238746624998
200,5.22900054,1627.725
201,5.37742546,1627.7261248875
202,5.14064757,1627.727249775
203,4.60025554,1627.7283746624998
204,3.72158216,1627.7295
205,3.06719829,1627.7306248875
206,2.49838327,1627.731749775
207,2.09771508,1627.7328746624999
208,1.86632536,1627.734
209,1.7291903,1627.7351248875
210,1.65601303,1627.736249775
211,1.67928683,1627.7373746624999
212,1.78255759,1627.7385
213,1.98977449,1627.7396248875
214,2.32783242,1627.740749775
215,2.77743055,1627.7418746624999
216,3.39826939,1627.743
217,4.06983131,1627.7441248875
218,4.78908827,1627.745249775
219,5.25501833,1627.7463746624999
220,5.36493153,1627.7475
221,5.00118915,1627.7486248875
222,4.30189812,1627.749749775
223,3.45062576,1627.7508746624999
224,2.75606552,1627.752
225,2.85034819,1627.7531248875
226,2.87598234,1627.754249775
227,2.94040041,1627.7553746625
228,3.11822029,1627.7565
229,2.55793049,1627.7576248875
230,2.17682735,1627.758749775
231,1.93550234,1627.7598746625
232,1.75920963,1627.761
233,1.6697224,1627.7621248875
234,1.64428235,1627.763249775
235,1.66342279,1627.7643746625
236,1.73349196,1627.7655
237,1.89680925,1627.7666248875
238,2.10928434,1627.767749775
239,2.48080032,1627.7688746625
240,2.97898811,1627.77
241,3.62528337,1627.7711248875
242,4.4577488,1627.772249775
243,5.10421834,1627.7733746625
244,5.36264135,1627.7745
245,5.18755662,1627.7756248875
246,4.32730015,1627.776749775
247,3.4858095,1627.7778746625
248,2.80688451,1627.779
249,2.37019635,1627.7801248875
250,2.0125314,1627.781249775
251,1.80474815,1627.7823746625
252,1.68702799,1627.7835
253,1.64676098,1627.7846248875
254,1.6862706,1627.785749775
255,1.80561002,1627.7868746625
256,2.01506193,1627.788
257,2.33434159,1627.7891248875
258,2.89648752,1627.7902497750001
259,3.48799015,1627.7913746625
260,4.21030683,1627.7925
261,5.01496485,1627.7936248875
262,5.36488116,1627.7947497750001
263,5.10169494,1627.7958746625
264,4.47647381,1627.797
265,3.5130691,1627.7981248875
266,2.88607762,1627.7992497750001
267,2.4094402,1627.8003746625
268,2.04983004,1627.8015
269,1.84174822,1627.8026248875
270,1.6960926,1627.8037497750001
271,1.65527205,1627.8048746625
272,1.67732802,1627.806
273,1.75853284,1627.8071248875
274,1.96715662,1627.8082497750001
275,2.22051051,1627.8093746625
276,2.5705653,1627.8105
277,2.45433851,1627.8116248875
278,2.26683641,1627.8127497750002
279,2.21414671,1627.8138746625
280,2.11644675,1627.815
281,2.44506655,1627.8161248875
282,3.1958012,1627.8172497750002
283,3.90092616,1627.8183746625
284,4.73294379,1627.8195
285,5.16767164,1627.8206248875001
286,5.35923104,1627.8217497750002
287,5.36609523,1627.8228746625
288,5.07534063,1627.824
289,4.42198818,1627.8251248875001
290,3.67028525,1627.8262497750002
291,3.02316571,1627.8273746625
292,2.51936025,1627.8285
293,2.14509307,1627.8296248875001
294,1.90173688,1627.8307497750002
295,1.740641,1627.8318746625
296,1.66270723,1627.833
297,1.66994132,1627.8341248875001
298,1.77058832,1627.8352497750002
299,1.94694264,1627.8363746625
300,2.27378248,1627.8375
301,2.7768525,1627.8386248875001
302,3.37557324,1627.8397497750002
303,4.38621057,1627.8408746625
304,5.10648204,1627.842
305,5.37473751,1627.8431248875002
306,5.17714485,1627.8442497750002
307,4.50876709,1627.8453746625
308,3.8663057,1627.8465
309,3.07999207,1627.8476248875002
310,2.54608712,1627.8487497750002
311,2.18502789,1627.8498746625
312,1.90210702,1627.851
313,1.75142268,1627.8521248875002
314,1.67190845,1627.8532497750002
315,1.66076284,1627.8543746625
316,1.71478819,1627.8555
317,1.82314903,1627.8566248875
318,2.0298857,1627.857749775
319,2.34091715,1627.8588746624998
320,2.84373138,1627.86
321,3.43545749,1627.8611248875
322,4.38103156,1627.862249775
323,5.1482244,1627.8633746624998
324,5.37676858,1627.8645
325,5.3731069,1627.8656248875
326,5.36382884,1627.866749775
327,5.36053589,1627.8678746624998
328,5.31879717,1627.869
329,5.31919097,1627.8701248875
330,4.86905256,1627.871249775
331,4.04587787,1627.8723746624999
332,3.25429625,1627.8735
333,2.84070738,1627.8746248875
334,2.55934427,1627.875749775
335,2.25193182,1627.8768746624999
336,2.03709309,1627.878
337,1.81760223,1627.8791248875
338,1.69833674,1627.880249775
339,1.65164305,1627.8813746624999
340,1.67341534,1627.8825
341,1.75621937,1627.8836248875
342,1.88922038,1627.884749775
343,2.11420262,1627.8858746624999
344,2.46361597,1627.887
345,3.07504334,1627.8881248875
346,3.85386005,1627.889249775
347,4.63263715,1627.8903746624999
348,5.28623166,1627.8915
349,5.33414034,1627.8926248875
350,4.83874374,1627.893749775
351,4.11840867,1627.8948746625
352,3.263026,1627.896
353,2.68464694,1627.8971248875
354,2.29085391,1627.898249775
355,1.98455884,1627.8993746625
356,1.81411568,1627.9005
357,1.68272255,1627.9016248875
358,1.6491226,1627.902749775
359,1.6897021,1627.9038746625
360,1.8118945,1627.905
361,2.04615666,1627.9061248875
362,2.31848294,1627.907249775
363,2.73158698,1627.9083746625
364,3.32378449,1627.9095
365,4.1461237,1627.9106248875
366,4.9264944,1627.911749775
367,5.3546959,1627.9128746625
368,5.25934686,1627.914
369,5.24904294,1627.9151248875
370,5.35336037,1627.916249775
371,5.32743942,1627.9173746625
372,5.35956675,1627.9185
373,5.15985342,1627.9196248875
374,4.77038153,1627.920749775
375,4.25738022,1627.9218746625
376,3.68199215,1627.923
377,3.01776884,1627.9241248875
378,2.5072702,1627.925249775
379,2.17212461,1627.9263746625
380,1.87485014,1627.9275
381,1.72689474,1627.9286248875
382,1.65789498,1627.9297497750001
383,1.65558361,1627.9308746625
384,1.71527909,1627.932
385,1.86565513,1627.9331248875
386,2.20251022,1627.9342497750001
387,2.70171733,1627.9353746625
388,3.41543231,1627.9365
389,4.13997859,1627.9376248875
390,4.87339068,1627.9387497750001
391,5.34330058,1627.9398746625
392,5.3069251,1627.941
393,4.8659619,1627.9421248875
394,4.10211836,1627.9432497750001
395,3.53526298,1627.9443746625
396,2.83574801,1627.9455
397,2.33885105,1627.9466248875
398,2.00345787,1627.9477497750001
399,1.81906275,1627.9488746625
