IDX,FM DAC,BM DAC,PH DAC,SOA DAC,WL Target
0,11425,4698,17448,24222,1627.5
1,11425,4698,17176,24183,1627.5045
2,11425,4698,16946,24160,1627.509
3,11425,4698,16706,24123,1627.5135
4,11425,4698,16432,24059,1627.518
5,11425,4698,16226,24046,1627.5225
6,11425,4698,15986,24024,1627.527
7,11425,4698,15752,23990,1627.5315
8,11425,4698,15522,23982,1627.536
9,11425,4698,15266,23934,1627.5405
10,11425,4698,15040,23898,1627.545
11,11425,4698,14834,23863,1627.5495
12,11425,4698,14578,23806,1627.554
13,11196,4519,15426,24056,1627.5585
14,11196,4519,15234,24022,1627.563
15,11196,4519,15074,23996,1627.5675
16,11196,4519,14834,23931,1627.572
17,11196,4519,14642,23884,1627.5765
18,11196,4519,14424,23804,1627.581
19,11196,4519,14226,23769,1627.5855
20,11196,4519,14002,23724,1627.59
21,11196,4519,13776,23663,1627.5945
22,11196,4519,13584,23607,1627.599
23,11196,4519,13362,23544,1627.6035
24,11196,4519,13160,23487,1627.608
25,11196,4519,12968,23446,1627.6125
26,11196,4519,12770,23403,1627.617
27,10990,4392,13362,23606,1627.6215
28,10990,4392,13154,23548,1627.626
29,10990,4392,13026,23525,1627.6305
30,10990,4392,12850,23484,1627.635
31,10990,4392,12642,23439,1627.6395
32,10990,4392,12432,23390,1627.644
33,10990,4392,12242,23372,1627.6485
34,10990,4392,12050,23343,1627.653
35,10990,4392,11848,23291,1627.6575
36,10990,4392,11682,23269,1627.662
37,10990,4392,11490,23229,1627.6665
38,10784,4265,12034,23409,1627.671
39,10784,4265,11858,23389,1627.6755
40,10784,4265,11746,23357,1627.68
41,10784,4265,11570,23322,1627.6845
42,10784,4265,11376,23258,1627.689
43,10784,4265,11184,23206,1627.6935
44,10784,4265,11026,23162,1627.698
45,10784,4265,10850,23112,1627.7025
46,10784,4265,10648,23035,1627.707
47,10578,4138,11192,23245,1627.7115
48,10578,4138,11016,23163,1627.716
49,10578,4138,10920,23135,1627.7205
50,10578,4138,10728,23038,1627.725
51,10578,4138,10584,22998,1627.7295
52,10578,4138,10418,22940,1627.734
53,10578,4138,10242,22861,1627.7385
54,10578,4138,10080,22811,1627.743
55,10578,4138,9938,22767,1627.7475
56,10578,4138,9778,22711,1627.752
57,10372,4011,10242,22870,1627.7565
58,10372,4011,10098,22839,1627.761
59,10372,4011,9970,22798,1627.7655
60,10372,4011,9826,22762,1627.77
61,10372,4011,9672,22715,1627.7745
62,10372,4011,9512,22670,1627.779
63,10372,4011,9362,22638,1627.7835
64,10372,4011,9202,22590,1627.788
65,10372,4011,9056,22566,1627.7925
66,10372,4011,8896,22524,1627.797
67,10372,4011,8754,22519,1627.8015
68,10372,4011,8610,22494,1627.806
69,10372,4011,8472,22461,1627.8105
70,10166,3884,8936,22699,1627.815
71,10166,3884,8776,22655,1627.8195
72,10166,3884,8680,22650,1627.824
73,10166,3884,8552,22638,1627.8285
74,10166,3884,8408,22606,1627.833
75,10166,3884,8258,22549,1627.8375
76,10166,3884,8114,22508,1627.842
77,10166,3884,7984,22463,1627.8465
78,10166,3884,7858,22453,1627.851
79,10166,3884,7730,22422,1627.8555
80,10166,3884,7602,22391,1627.86
81,10166,3884,7464,22346,1627.8645
82,9960,3757,7864,22517,1627.869
83,9960,3757,7736,22478,1627.8735
84,9960,3757,7656,22447,1627.878
85,9960,3757,7528,22412,1627.8825
86,9960,3757,7416,22375,1627.887
87,9960,3757,7282,22334,1627.8915
88,9960,3757,7154,22293,1627.896
89,9960,3757,7040,22245,1627.9005
90,9960,3757,6912,22205,1627.905
91,9960,3757,6802,22203,1627.9095
92,9960,3757,6674,22171,1627.914
93,9754,3630,7042,22374,1627.9185
94,9754,3630,6962,22363,1627.923
95,9754,3630,6850,22327,1627.9275
96,9754,3630,6738,22311,1627.932
97,9754,3630,6600,22267,1627.9365
98,9754,3630,6488,22255,1627.941
99,9754,3630,6386,22234,1627.9455
100,9754,3630,6274,22200,1627.95
101,9754,3630,6160,22158,1627.9545
102,9754,3630,6048,22132,1627.959
103,9548,3503,6400,22350,1627.9635
104,9548,3503,6288,22327,1627.968
105,9548,3503,6208,22285,1627.9725
106,9548,3503,6096,22254,1627.977
107,9548,3503,5986,22219,1627.9815
108,9548,3503,5890,22166,1627.986
109,9548,3503,5778,22125,1627.9905
110,9548,3503,5672,22062,1627.995
111,9548,3503,5576,22006,1627.9995
112,9548,3503,5474,21756,1628.004
113,9548,3503,5362,21708,1628.0085
114,9548,3503,5264,21647,1628.013
115,9548,3503,5168,21592,1628.0175
116,9342,3376,5488,21747,1628.022
117,9342,3376,5408,21695,1628.0265
118,9342,3376,5312,21647,1628.031
119,9342,3376,5216,21597,1628.0355
120,9342,3376,5122,21548,1628.04
121,9342,3376,5026,21502,1628.0445
122,9342,3376,4920,21462,1628.049
123,9342,3376,4824,21423,1628.0535
124,57954,43418,7634,45527,1628.058
125,57954,43418,7506,45437,1628.0625
126,57954,43418,7426,45373,1628.067
127,57954,43418,7298,45294,1628.0715
128,57954,43418,7152,45180,1628.076
129,57954,43418,7040,45102,1628.0805
130,57954,43418,6930,45050,1628.085
131,57954,43418,6818,45020,1628.0895
132,57297,42871,7042,44574,1628.094
133,57297,42871,6962,44541,1628.0985
134,57297,42871,6850,44461,1628.103
135,57297,42871,6728,44351,1628.1075
136,57297,42871,6616,44255,1628.112
137,57297,42871,6498,44203,1628.1165
138,57297,42871,6386,44142,1628.121
139,57297,42871,6290,44109,1628.1255
140,56640,42324,6530,43695,1628.13
141,56640,42324,6434,43564,1628.1345
142,56640,42324,6322,43423,1628.139
143,56640,42324,6224,43308,1628.1435
144,56640,42324,6112,43199,1628.148
145,56640,42324,6002,43128,1628.1525
146,56640,42324,5906,43035,1628.157
147,56640,42324,5800,42926,1628.1615
148,56640,42324,5704,42827,1628.166
149,55983,41777,5928,42460,1628.1705
150,55983,41777,5832,42390,1628.175
151,55983,41777,5768,42331,1628.1795
152,55983,41777,5656,42222,1628.184
153,55983,41777,5570,42151,1628.1885
154,55983,41777,5474,42074,1628.193
155,55983,41777,5360,41971,1628.1975
156,55983,41777,5264,41943,1628.202
157,55983,41777,5170,41932,1628.2065
158,55983,41777,5090,41910,1628.211
159,55326,41230,5282,41535,1628.2155
160,55326,41230,5202,41487,1628.22
161,55326,41230,5122,41413,1628.2245
162,55326,41230,5042,41401,1628.229
163,55326,41230,4952,41371,1628.2335
164,55326,41230,4840,41315,1628.238
165,55326,41230,4754,41270,1628.2425
166,55326,41230,4674,41200,1628.247
167,54668,40675,4898,40895,1628.2515
168,54668,40675,4802,40823,1628.256
169,54668,40675,4738,40763,1628.2605
170,54668,40675,4658,40699,1628.265
171,54668,40675,4560,40605,1628.2695
172,54668,40675,4480,40507,1628.274
173,54668,40675,4402,40415,1628.2785
174,54668,40675,4322,40311,1628.283
175,54668,40675,4242,40214,1628.2875
176,54668,40675,4152,40096,1628.292
177,54668,40675,4072,39996,1628.2965
178,53826,39999,4344,39599,1628.301
179,53826,39999,4264,39486,1628.3055
180,53826,39999,4200,39400,1628.31
181,53826,39999,4120,39292,1628.3145
182,53826,39999,4050,39223,1628.319
183,53826,39999,3970,39135,1628.3235
184,53826,39999,3872,39030,1628.328
185,53826,39999,3808,38972,1628.3325
186,53826,39999,3728,38902,1628.337
187,53826,39999,3666,38876,1628.3415
188,53826,39999,3586,38812,1628.346
189,52984,39323,3842,38526,1628.3505
190,52984,39323,3778,38506,1628.355
191,52984,39323,3714,38475,1628.3595
192,52984,39323,3650,38454,1628.364
193,52984,39323,3570,38415,1628.3685
194,52984,39323,3496,38391,1628.373
195,52984,39323,3432,38375,1628.3775
196,52984,39323,3362,38366,1628.382
197,52984,39323,3282,38352,1628.3865
198,52984,39323,3218,38332,1628.391
199,52142,38647,3458,38095,1628.3955
200,52142,38647,3394,38047,1628.4
201,52142,38647,3330,37982,1628.4045
202,52142,38647,3266,37950,1628.409
203,52142,38647,3184,37887,1628.4135
204,52142,38647,3120,37877,1628.418
205,52142,38647,3056,37837,1628.4225
206,52142,38647,2994,37808,1628.427
207,52142,38647,2930,37743,1628.4315
208,52142,38647,2872,37686,1628.436
209,52142,38647,2792,37623,1628.4405
210,51300,37971,3016,37408,1628.445
211,51300,37971,2952,37359,1628.4495
212,51300,37971,2888,37309,1628.454
213,51300,37971,2840,37271,1628.4585
214,51300,37971,2776,37235,1628.463
215,51300,37971,2706,37224,1628.4675
216,51300,37971,2658,37211,1628.472
217,51300,37971,2576,37176,1628.4765
218,50458,37295,9874,41575,1628.481
219,50458,37295,9704,41464,1628.4855
220,50458,37295,9592,41438,1628.49
221,50458,37295,9458,41404,1628.4945
222,50458,37295,9314,41389,1628.499
223,50458,37295,9152,41335,1628.5035
224,50458,37295,9024,41334,1628.508
225,50458,37295,8898,41336,1628.5125
226,50458,37295,8754,41307,1628.517
227,50458,37295,8616,41263,1628.5215
228,50458,37295,8450,41208,1628.526
229,50458,37295,8338,41207,1628.5305
230,50458,37295,8176,41142,1628.535
231,50458,37295,8048,41087,1628.5395
232,49616,36619,8546,40823,1628.544
233,49616,36619,8450,40742,1628.5485
234,49616,36619,8322,40649,1628.553
235,49616,36619,8176,40536,1628.5575
236,49616,36619,8048,40444,1628.562
237,49616,36619,7938,40365,1628.5665
238,49616,36619,7826,40285,1628.571
239,49616,36619,7688,40147,1628.5755
240,49616,36619,7576,40045,1628.58
241,49616,36619,7442,39915,1628.5845
242,49616,36619,7314,39803,1628.589
243,49616,36619,7184,39677,1628.5935
244,49616,36619,7072,39602,1628.598
245,48774,35943,7538,39355,1628.6025
246,48774,35943,7442,39259,1628.607
247,48774,35943,7330,39148,1628.6115
248,48774,35943,7202,39035,1628.616
249,48774,35943,7088,38955,1628.6205
250,48774,35943,6962,38875,1628.625
251,48774,35943,6866,38811,1628.6295
252,48774,35943,6754,38715,1628.634
253,48774,35943,6632,38623,1628.6385
254,48774,35943,6520,38575,1628.643
255,48774,35943,6418,38555,1628.6475
256,48774,35943,6290,38509,1628.652
257,47932,35267,6706,38352,1628.6565
258,47932,35267,6610,38270,1628.661
259,47932,35267,6498,38197,1628.6655
260,47932,35267,6418,38134,1628.67
261,47932,35267,6306,38075,1628.6745
262,47932,35267,6192,37998,1628.679
263,47932,35267,6096,37942,1628.6835
264,47932,35267,5986,37868,1628.688
265,47932,35267,5890,37780,1628.6925
266,47932,35267,5800,37709,1628.697
267,47932,35267,5688,37607,1628.7015
268,47090,34591,6066,37483,1628.706
269,47090,34591,5986,37417,1628.7105
270,47090,34591,5890,37324,1628.715
271,47090,34591,5800,37243,1628.7195
272,47090,34591,5688,37106,1628.724
273,47090,34591,5602,37022,1628.7285
274,47090,34591,5490,36916,1628.733
275,47090,34591,5392,36822,1628.7375
276,47090,34591,5296,36758,1628.742
277,47090,34591,5216,36693,1628.7465
278,47090,34591,5106,36602,1628.751
279,47090,34591,5026,36574,1628.7555
280,47090,34591,4936,36532,1628.76
281,47090,34591,4840,36494,1628.7645
282,47090,34591,4754,36476,1628.769
283,47090,34591,4674,36445,1628.7735
284,46241,33908,5032,36335,1628.778
285,46241,33908,4968,36309,1628.7825
286,46241,33908,4888,36270,1628.787
287,46241,33908,4802,36236,1628.7915
288,46241,33908,4706,36208,1628.796
289,46241,33908,4626,36183,1628.8005
290,46241,33908,4544,36135,1628.805
291,46241,33908,4448,36091,1628.8095
292,46241,33908,4370,36077,1628.814
293,46241,33908,4290,36046,1628.8185
294,46241,33908,4216,36015,1628.823
295,46241,33908,4120,35962,1628.8275
296,46241,33908,4050,35931,1628.832
297,46241,33908,3954,35854,1628.8365
298,46241,33908,3890,35815,1628.841
299,45604,33392,4114,35616,1628.8455
300,45604,33392,4050,35566,1628.85
301,45604,33392,3986,35511,1628.8545
302,45604,33392,3906,35435,1628.859
303,45604,33392,3824,35335,1628.8635
304,45604,33392,3744,35261,1628.868
305,45604,33392,3682,35214,1628.8725
306,45604,33392,3602,35131,1628.877
307,45604,33392,3528,35056,1628.8815
308,45604,33392,3448,34995,1628.886
309,45604,33392,3368,34937,1628.8905
310,44967,32876,3592,34751,1628.895
311,44967,32876,3528,34702,1628.8995
312,44967,32876,3464,34654,1628.904
313,44967,32876,3400,34612,1628.9085
314,44967,32876,3314,34557,1628.913
315,44967,32876,3250,34542,1628.9175
316,44967,32876,3184,34504,1628.922
317,44967,32876,3120,34476,1628.9265
318,44330,32360,3328,34359,1628.931
319,44330,32360,3248,34328,1628.9355
320,44330,32360,3184,34295,1628.94
321,44330,32360,3120,34272,1628.9445
322,44330,32360,3056,34248,1628.949
323,44330,32360,2994,34239,1628.9535
324,44330,32360,2930,34203,1628.958
325,44330,32360,2872,34157,1628.9625
326,44330,32360,2792,34109,1628.967
327,44330,32360,2738,34104,1628.9715
328,44330,32360,2674,34070,1628.976
329,44330,32360,2594,34027,1628.9805
330,43693,31844,2802,33903,1628.985
331,43693,31844,2738,33844,1628.9895
332,43693,31844,2674,33774,1628.994
333,43693,31844,2610,33726,1628.9985
334,43693,31844,2544,33662,1629.003
335,43056,31328,9810,36700,1629.0075
336,43056,31328,9640,36589,1629.012
337,43056,31328,9496,36494,1629.0165
338,43056,31328,9346,36398,1629.021
339,43056,31328,9218,36332,1629.0255
340,43056,31328,9072,36287,1629.03
341,43056,31328,8946,36271,1629.0345
342,43056,31328,8802,36220,1629.039
343,43056,31328,8680,36172,1629.0435
344,43056,31328,8536,36119,1629.048
345,43056,31328,8386,36078,1629.0525
346,43056,31328,8258,36075,1629.057
347,42419,30812,8712,36081,1629.0615
348,42419,30812,8616,36077,1629.066
349,42419,30812,8504,36048,1629.0705
350,42419,30812,8370,36025,1629.075
351,42419,30812,8226,35979,1629.0795
352,42419,30812,8096,35958,1629.084
353,42419,30812,7968,35950,1629.0885
354,42419,30812,7842,35962,1629.093
355,42419,30812,7714,35941,1629.0975
356,42419,30812,7592,35903,1629.102
357,42419,30812,7464,35871,1629.1065
358,42419,30812,7330,35836,1629.111
359,42419,30812,7202,35807,1629.1155
360,41782,30296,7618,35726,1629.12
361,41782,30296,7490,35663,1629.1245
362,41782,30296,7410,35619,1629.129
363,41782,30296,7282,35547,1629.1335
364,41782,30296,7154,35454,1629.138
365,41782,30296,7040,35381,1629.1425
366,41782,30296,6930,35322,1629.147
367,41782,30296,6802,35255,1629.1515
368,41782,30296,6690,35182,1629.156
369,41782,30296,6584,35102,1629.1605
370,41782,30296,6472,35035,1629.165
371,41145,29780,6840,34911,1629.1695
372,41145,29780,6728,34837,1629.174
373,41145,29780,6648,34780,1629.1785
374,41145,29780,6536,34718,1629.183
375,41145,29780,6434,34670,1629.1875
376,41145,29780,6322,34605,1629.192
377,41145,29780,6192,34519,1629.1965
378,41145,29780,6096,34475,1629.201
379,41145,29780,5986,34430,1629.2055
380,41145,29780,5874,34398,1629.21
381,40508,29264,6210,34334,1629.2145
382,40508,29264,6114,34286,1629.219
383,40508,29264,6050,34253,1629.2235
384,40508,29264,5938,34203,1629.228
385,40508,29264,5842,34157,1629.2325
386,40508,29264,5736,34105,1629.237
387,40508,29264,5624,34042,1629.2415
388,40508,29264,5538,34028,1629.246
389,40508,29264,5442,33962,1629.2505
390,40508,29264,5328,33868,1629.255
391,40508,29264,5232,33787,1629.2595
392,39871,28740,5552,33742,1629.264
393,39871,28740,5456,33663,1629.2685
394,39871,28740,5392,33627,1629.273
395,39871,28740,5296,33536,1629.2775
396,39871,28740,5200,33453,1629.282
397,39871,28740,5106,33358,1629.2865
398,39871,28740,5010,33270,1629.291
399,39871,28740,4920,33207,1629.2955
400,39871,28740,4840,33150,1629.3
401,39871,28740,4754,33108,1629.3045
402,39871,28740,4658,33015,1629.309
403,39219,28221,4984,33016,1629.3135
404,39219,28221,4904,32955,1629.318
405,39219,28221,4824,32893,1629.3225
406,39219,28221,4738,32854,1629.327
407,39219,28221,4658,32814,1629.3315
408,39219,28221,4560,32748,1629.336
409,39219,28221,4480,32695,1629.3405
410,39219,28221,4402,32685,1629.345
411,39219,28221,4306,32654,1629.3495
412,39219,28221,4226,32630,1629.354
413,39219,28221,4136,32614,1629.3585
414,39219,28221,4056,32589,1629.363
415,39219,28221,3986,32574,1629.3675
416,39219,28221,3906,32552,1629.372
417,38567,27702,4194,32568,1629.3765
418,38567,27702,4098,32510,1629.381
419,38567,27702,4050,32519,1629.3855
420,38567,27702,3986,32501,1629.39
421,38567,27702,3906,32461,1629.3945
422,38567,27702,3824,32403,1629.399
423,38567,27702,3744,32350,1629.4035
424,38567,27702,3682,32333,1629.408
425,38567,27702,3602,32285,1629.4125
426,38567,27702,3522,32239,1629.417
427,38567,27702,3448,32187,1629.4215
428,38567,27702,3384,32142,1629.426
429,38567,27702,3314,32092,1629.4305
430,38567,27702,3234,32030,1629.435
431,37915,27183,3512,31974,1629.4395
432,37915,27183,3448,31917,1629.444
433,37915,27183,3368,31852,1629.4485
434,37915,27183,3298,31788,1629.453
435,37915,27183,3218,31723,1629.4575
436,37915,27183,3152,31667,1629.462
437,37915,27183,3088,31612,1629.4665
438,37915,27183,3026,31596,1629.471
439,37915,27183,2962,31566,1629.4755
440,37915,27183,2898,31541,1629.48
441,37263,26664,3122,31500,1629.4845
442,37263,26664,3058,31455,1629.489
443,37263,26664,3010,31437,1629.4935
444,37263,26664,2946,31401,1629.498
445,37263,26664,2872,31373,1629.5025
446,37263,26664,2808,31342,1629.507
447,37263,26664,2744,31324,1629.5115
448,37263,26664,2674,31293,1629.516
449,37263,26664,2610,31256,1629.5205
450,37263,26664,2544,31206,1629.525
451,36611,26145,10002,33743,1629.5295
452,36611,26145,9842,33707,1629.534
453,36611,26145,9704,33647,1629.5385
454,36611,26145,9560,33590,1629.543
455,36611,26145,9394,33493,1629.5475
456,36611,26145,9250,33391,1629.552
457,36611,26145,9104,33317,1629.5565
458,36611,26145,8976,33254,1629.561
459,36611,26145,8850,33215,1629.5655
460,36611,26145,8690,33134,1629.57
461,36611,26145,8552,33051,1629.5745
462,36611,26145,8424,32981,1629.579
463,36611,26145,8290,32907,1629.5835
464,36611,26145,8146,32848,1629.588
465,35959,25626,8712,32862,1629.5925
466,35959,25626,8600,32819,1629.597
467,35959,25626,8472,32744,1629.6015
468,35959,25626,8354,32685,1629.606
469,35959,25626,8210,32603,1629.6105
470,35959,25626,8080,32555,1629.615
471,35959,25626,7936,32503,1629.6195
472,35959,25626,7826,32523,1629.624
473,35959,25626,7698,32495,1629.6285
474,35959,25626,7576,32475,1629.633
475,35959,25626,7448,32444,1629.6375
476,35959,25626,7330,32430,1629.642
477,35959,25626,7202,32411,1629.6465
478,35307,25107,7704,32496,1629.651
479,35307,25107,7624,32479,1629.6555
480,35307,25107,7496,32445,1629.66
481,35307,25107,7378,32428,1629.6645
482,35307,25107,7250,32381,1629.669
483,35307,25107,7120,32347,1629.6735
484,35307,25107,7024,32331,1629.678
485,35307,25107,6898,32303,1629.6825
486,35307,25107,6770,32251,1629.687
487,35307,25107,6664,32202,1629.6915
488,35307,25107,6568,32171,1629.696
489,35307,25107,6450,32124,1629.7005
490,35307,25107,6338,32077,1629.705
491,35307,25107,6226,32029,1629.7095
492,34655,24588,6658,31991,1629.714
493,34655,24588,6562,31935,1629.7185
494,34655,24588,6482,31894,1629.723
495,34655,24588,6370,31817,1629.7275
496,34655,24588,6258,31740,1629.732
497,34655,24588,6144,31664,1629.7365
498,34655,24588,6048,31627,1629.741
499,34655,24588,5954,31582,1629.7455
500,34655,24588,5842,31518,1629.75
501,34655,24588,5736,31462,1629.7545
502,34655,24588,5640,31415,1629.759
503,34003,24069,6066,31536,1629.7635
504,34003,24069,5986,31483,1629.768
505,34003,24069,5890,31438,1629.7725
506,34003,24069,5800,31410,1629.777
507,34003,24069,5688,31350,1629.7815
508,34003,24069,5592,31309,1629.786
509,34003,24069,5490,31261,1629.7905
510,34003,24069,5394,31215,1629.795
511,34003,24069,5296,31167,1629.7995
512,34003,24069,5200,31126,1629.804
513,34003,24069,5106,31079,1629.8085
514,34003,24069,5026,31035,1629.813
515,34003,24069,4920,30966,1629.8175
516,34003,24069,4840,30926,1629.822
517,33347,23547,5202,30970,1629.8265
518,33347,23547,5138,30927,1629.831
519,33347,23547,5058,30869,1629.8355
520,33347,23547,4968,30781,1629.84
521,33347,23547,4872,30679,1629.8445
522,33347,23547,4786,30606,1629.849
523,33347,23547,4706,30534,1629.8535
524,33347,23547,4610,30446,1629.858
525,33347,23547,4528,30394,1629.8625
526,33347,23547,4448,30319,1629.867
527,33347,23547,4370,30263,1629.8715
528,33347,23547,4290,30186,1629.876
529,33347,23547,4200,30124,1629.8805
530,33347,23547,4104,30046,1629.885
531,33347,23547,4040,30030,1629.8895
532,32867,23202,4264,30062,1629.894
533,32867,23202,4200,30014,1629.8985
534,32867,23202,4104,29940,1629.903
535,32867,23202,4034,29917,1629.9075
536,32867,23202,3954,29887,1629.912
537,32867,23202,3890,29883,1629.9165
538,32867,23202,3808,29853,1629.921
539,32867,23202,3728,29838,1629.9255
540,32867,23202,3650,29820,1629.93
541,32867,23202,3570,29808,1629.9345
542,32387,22857,3778,29880,1629.939
543,32387,22857,3698,29875,1629.9435
544,32387,22857,3650,29862,1629.948
545,32387,22857,3570,29822,1629.9525
546,32387,22857,3496,29791,1629.957
547,32387,22857,3416,29755,1629.9615
548,32387,22857,3352,29735,1629.966
549,32387,22857,3282,29727,1629.9705
550,32387,22857,3202,29694,1629.975
551,32387,22857,3120,29671,1629.9795
552,32387,22857,3056,29631,1629.984
553,31907,22512,3248,29624,1629.9885
554,31907,22512,3184,29581,1629.993
555,31907,22512,3120,29543,1629.9975
556,31907,22512,3056,29499,1630.002
557,31907,22512,2994,29486,1630.0065
558,31907,22512,2914,29432,1630.011
559,31907,22512,2856,29398,1630.0155
560,31907,22512,2776,29341,1630.02
561,31907,22512,2706,29308,1630.0245
562,31907,22512,2642,29292,1630.029
563,31907,22512,2578,29268,1630.0335
564,31427,22167,2770,29311,1630.038
565,31427,22167,2722,29294,1630.0425
566,31427,22167,2658,29259,1630.047
567,31427,22167,2594,29222,1630.0515
568,31427,22167,2512,29179,1630.056
569,30947,21822,9954,31199,1630.0605
570,30947,21822,9810,31187,1630.065
571,30947,21822,9656,31149,1630.0695
572,30947,21822,9512,31111,1630.074
573,30947,21822,9362,31086,1630.0785
574,30947,21822,9202,31038,1630.083
575,30947,21822,9072,31007,1630.0875
576,30947,21822,8912,30973,1630.092
577,30947,21822,8786,30959,1630.0965
578,30947,21822,8642,30911,1630.101
579,30947,21822,8504,30871,1630.1055
580,30467,21477,8936,30895,1630.11
581,30467,21477,8776,30815,1630.1145
582,30467,21477,8680,30772,1630.119
583,30467,21477,8552,30712,1630.1235
584,30467,21477,8424,30667,1630.128
585,30467,21477,8274,30589,1630.1325
586,30467,21477,8146,30524,1630.137
587,30467,21477,8016,30452,1630.1415
588,30467,21477,7904,30396,1630.146
589,30467,21477,7778,30350,1630.1505
590,30467,21477,7650,30294,1630.155
591,29987,21132,8050,30319,1630.1595
592,29987,21132,7938,30247,1630.164
593,29987,21132,7826,30199,1630.1685
594,29987,21132,7698,30142,1630.173
595,29987,21132,7592,30108,1630.1775
596,29987,21132,7464,30063,1630.182
597,29987,21132,7346,30039,1630.1865
598,29987,21132,7218,29998,1630.191
599,29987,21132,7072,29943,1630.1955
600,29987,21132,6960,29918,1630.2
601,29507,20787,7328,29984,1630.2045
602,29507,20787,7200,29950,1630.209
603,29507,20787,7120,29950,1630.2135
604,29507,20787,7008,29943,1630.218
605,29507,20787,6898,29934,1630.2225
606,29507,20787,6786,29902,1630.227
607,29507,20787,6664,29868,1630.2315
608,29507,20787,6552,29867,1630.236
609,29507,20787,6450,29855,1630.2405
610,29507,20787,6322,29822,1630.245
611,29507,20787,6210,29790,1630.2495
612,29027,20442,6546,29852,1630.254
613,29027,20442,6466,29811,1630.2585
614,29027,20442,6370,29775,1630.263
615,29027,20442,6258,29727,1630.2675
616,29027,20442,6128,29662,1630.272
617,29027,20442,6032,29629,1630.2765
618,29027,20442,5938,29609,1630.281
619,29027,20442,5842,29559,1630.2855
620,29027,20442,5736,29499,1630.29
621,29027,20442,5608,29429,1630.2945
622,28547,20096,5928,29469,1630.299
623,28547,20096,5832,29422,1630.3035
624,28547,20096,5752,29387,1630.308
625,28547,20096,5656,29339,1630.3125
626,28547,20096,5554,29296,1630.317
627,28547,20096,5458,29262,1630.3215
628,28547,20096,5360,29211,1630.326
629,28547,20096,5264,29179,1630.3305
630,28547,20096,5168,29147,1630.335
631,28547,20096,5074,29119,1630.3395
632,28547,20096,4978,29094,1630.344
633,28105,19703,5298,29179,1630.3485
634,28105,19703,5202,29160,1630.353
635,28105,19703,5138,29134,1630.3575
636,28105,19703,5042,29115,1630.362
637,28105,19703,4952,29084,1630.3665
638,28105,19703,4856,29037,1630.371
639,28105,19703,4786,29021,1630.3755
640,28105,19703,4690,28975,1630.38
641,28105,19703,4594,28920,1630.3845
642,28105,19703,4496,28880,1630.389
643,28105,19703,4416,28839,1630.3935
644,28105,19703,4338,28796,1630.398
645,28105,19703,4242,28730,1630.4025
646,27663,19310,4514,28718,1630.407
647,27663,19310,4434,28655,1630.4115
648,27663,19310,4386,28623,1630.416
649,27663,19310,4290,28558,1630.4205
650,27663,19310,4210,28503,1630.425
651,27663,19310,4120,28407,1630.4295
652,27663,19310,4040,28343,1630.434
653,27663,19310,3970,28278,1630.4385
654,27663,19310,3890,28221,1630.443
655,27663,19310,3808,28155,1630.4475
656,27663,19310,3728,28120,1630.452
657,27221,18917,4000,28152,1630.4565
658,27221,18917,3920,28094,1630.461
659,27221,18917,3872,28062,1630.4655
660,27221,18917,3792,28014,1630.47
661,27221,18917,3712,27965,1630.4745
662,27221,18917,3634,27958,1630.479
663,27221,18917,3554,27909,1630.4835
664,27221,18917,3496,27892,1630.488
665,27221,18917,3416,27866,1630.4925
666,27221,18917,3346,27837,1630.497
667,27221,18917,3266,27821,1630.5015
668,27221,18917,3186,27803,1630.506
669,27221,18917,3120,27772,1630.5105
670,27221,18917,3056,27758,1630.515
671,26779,18524,3296,27790,1630.5195
672,26779,18524,3216,27759,1630.524
673,26779,18524,3168,27741,1630.5285
674,26779,18524,3088,27702,1630.533
675,26779,18524,3026,27699,1630.5375
676,26779,18524,2962,27670,1630.542
677,26779,18524,2882,27613,1630.5465
678,26779,18524,2824,27583,1630.551
679,26779,18524,2760,27564,1630.5555
680,26779,18524,2690,27520,1630.56
681,26779,18524,2626,27502,1630.5645
682,26779,18524,2544,27451,1630.569
683,26337,18131,10208,29133,1630.5735
684,26337,18131,10064,29094,1630.578
685,26337,18131,9906,29047,1630.5825
686,26337,18131,9746,29007,1630.587
687,26337,18131,9592,28971,1630.5915
688,26337,18131,9432,28925,1630.596
689,26337,18131,9282,28902,1630.6005
690,26337,18131,9138,28871,1630.605
691,26337,18131,8976,28828,1630.6095
692,26337,18131,8818,28798,1630.614
693,26337,18131,8690,28783,1630.6185
694,25895,17738,9248,28893,1630.623
695,25895,17738,9136,28891,1630.6275
696,25895,17738,8992,28859,1630.632
697,25895,17738,8866,28855,1630.6365
698,25895,17738,8706,28795,1630.641
699,25895,17738,8584,28789,1630.6455
700,25895,17738,8424,28766,1630.65
701,25895,17738,8290,28766,1630.6545
702,25895,17738,8146,28735,1630.659
703,25895,17738,8016,28717,1630.6635
704,25895,17738,7872,28663,1630.668
705,25895,17738,7746,28647,1630.6725
706,25895,17738,7618,28619,1630.677
707,25453,17345,8098,28662,1630.6815
708,25453,17345,7986,28631,1630.686
709,25453,17345,7906,28599,1630.6905
710,25453,17345,7762,28539,1630.695
711,25453,17345,7634,28473,1630.6995
712,25453,17345,7512,28399,1630.704
713,25453,17345,7400,28347,1630.7085
714,25453,17345,7282,28295,1630.713
715,25453,17345,7154,28232,1630.7175
716,25453,17345,7024,28156,1630.722
717,25453,17345,6896,28090,1630.7265
718,25453,17345,6802,28046,1630.731
719,25453,17345,6690,27983,1630.7355
720,25011,16952,7122,28048,1630.74
721,25011,16952,7026,28011,1630.7445
722,25011,16952,6946,27974,1630.749
723,25011,16952,6834,27925,1630.7535
724,25011,16952,6706,27862,1630.758
725,25011,16952,6600,27814,1630.7625
726,25011,16952,6488,27771,1630.767
727,25011,16952,6354,27744,1630.7715
728,25011,16952,6258,27707,1630.776
729,25011,16952,6128,27639,1630.7805
730,25011,16952,6032,27628,1630.785
731,25011,16952,5938,27614,1630.7895
732,25011,16952,5826,27582,1630.794
733,24569,16559,6256,27692,1630.7985
734,24569,16559,6144,27630,1630.803
735,24569,16559,6048,27615,1630.8075
736,24569,16559,5954,27598,1630.812
737,24569,16559,5858,27563,1630.8165
738,24569,16559,5752,27511,1630.821
739,24569,16559,5656,27483,1630.8255
740,24569,16559,5554,27455,1630.83
741,24569,16559,5458,27422,1630.8345
742,24569,16559,5344,27352,1630.839
743,24569,16559,5248,27291,1630.8435
744,24120,16166,5634,27421,1630.848
745,24120,16166,5570,27388,1630.8525
746,24120,16166,5474,27357,1630.857
747,24120,16166,5376,27288,1630.8615
748,24120,16166,5280,27246,1630.866
749,24120,16166,5184,27179,1630.8705
750,24120,16166,5090,27127,1630.875
751,24120,16166,4994,27086,1630.8795
752,24120,16166,4904,27054,1630.884
753,24120,16166,4808,27006,1630.8885
754,24120,16166,4722,26990,1630.893
755,24120,16166,4626,26955,1630.8975
756,24120,16166,4528,26920,1630.902
757,24120,16166,4448,26878,1630.9065
758,23715,15849,4736,27035,1630.911
759,23715,15849,4656,27007,1630.9155
760,23715,15849,4592,26992,1630.92
761,23715,15849,4496,26975,1630.9245
762,23715,15849,4416,26942,1630.929
763,23715,15849,4338,26937,1630.9335
764,23715,15849,4242,26907,1630.938
765,23715,15849,4152,26862,1630.9425
766,23715,15849,4072,26844,1630.947
767,23715,15849,4002,26830,1630.9515
768,23715,15849,3922,26808,1630.956
769,23310,15532,4178,26911,1630.9605
770,23310,15532,4098,26845,1630.965
771,23310,15532,4034,26814,1630.9695
772,23310,15532,3954,26775,1630.974
773,23310,15532,3874,26717,1630.9785
774,23310,15532,3808,26653,1630.983
775,23310,15532,3728,26598,1630.9875
776,23310,15532,3650,26541,1630.992
777,23310,15532,3570,26480,1630.9965
778,23310,15532,3512,26437,1631.001
779,23310,15532,3432,26372,1631.0055
780,23310,15532,3352,26328,1631.01
781,23310,15532,3282,26286,1631.0145
782,23310,15532,3202,26211,1631.019
783,22905,15215,3458,26280,1631.0235
784,22905,15215,3394,26223,1631.028
785,22905,15215,3330,26171,1631.0325
786,22905,15215,3250,26142,1631.037
787,22905,15215,3186,26102,1631.0415
788,22905,15215,3104,26046,1631.046
789,22905,15215,3040,26012,1631.0505
790,22905,15215,2978,25981,1631.055
791,22905,15215,2914,25959,1631.0595
792,22905,15215,2840,25928,1631.064
793,22905,15215,2760,25910,1631.0685
794,22500,14898,3000,26008,1631.073
795,22500,14898,2920,25975,1631.0775
796,22500,14898,2872,25950,1631.082
797,22500,14898,2808,25916,1631.0865
798,22500,14898,2744,25899,1631.091
799,22500,14898,2674,25866,1631.0955
800,22500,14898,2610,25847,1631.1
801,22500,14898,2528,25791,1631.1045
802,22095,14581,10272,27384,1631.109
803,22095,14581,10112,27326,1631.1135
804,22095,14581,9970,27295,1631.118
805,22095,14581,9810,27255,1631.1225
806,22095,14581,9656,27196,1631.127
807,22095,14581,9512,27134,1631.1315
808,22095,14581,9378,27094,1631.136
809,22095,14581,9202,27005,1631.1405
810,22095,14581,9072,26974,1631.145
811,22095,14581,8928,26934,1631.1495
812,22095,14581,8786,26902,1631.154
813,22095,14581,8642,26847,1631.1585
814,22095,14581,8504,26806,1631.163
815,22095,14581,8360,26747,1631.1675
816,22095,14581,8210,26702,1631.172
817,21690,14264,8712,26853,1631.1765
818,21690,14264,8632,26846,1631.181
819,21690,14264,8504,26824,1631.1855
820,21690,14264,8370,26799,1631.19
821,21690,14264,8226,26758,1631.1945
822,21690,14264,8096,26732,1631.199
823,21690,14264,7968,26716,1631.2035
824,21690,14264,7842,26719,1631.208
825,21690,14264,7714,26709,1631.2125
826,21690,14264,7592,26686,1631.217
827,21690,14264,7464,26676,1631.2215
828,21690,14264,7346,26654,1631.226
829,21690,14264,7202,26614,1631.2305
830,21285,13947,7688,26814,1631.235
831,21285,13947,7608,26811,1631.2395
832,21285,13947,7496,26796,1631.244
833,21285,13947,7362,26748,1631.2485
834,21285,13947,7250,26717,1631.253
835,21285,13947,7120,26652,1631.2575
836,21285,13947,7008,26600,1631.262
837,21285,13947,6882,26554,1631.2665
838,21285,13947,6770,26510,1631.271
839,21285,13947,6658,26454,1631.2755
840,21285,13947,6552,26422,1631.28
841,21285,13947,6424,26357,1631.2845
842,21285,13947,6306,26299,1631.289
843,21285,13947,6194,26235,1631.2935
844,20880,13630,6626,26334,1631.298
845,20880,13630,6514,26287,1631.3025
846,20880,13630,6434,26238,1631.307
847,20880,13630,6322,26199,1631.3115
848,20880,13630,6192,26106,1631.316
849,20880,13630,6096,26063,1631.3205
850,20880,13630,6002,26030,1631.325
851,20880,13630,5874,25974,1631.3295
852,20880,13630,5778,25949,1631.334
853,20880,13630,5688,25917,1631.3385
854,20880,13630,5576,25887,1631.343
855,20475,13313,5960,26015,1631.3475
856,20475,13313,5848,25976,1631.352
857,20475,13313,5784,25956,1631.3565
858,20475,13313,5688,25916,1631.361
859,20475,13313,5576,25886,1631.3655
860,20475,13313,5474,25849,1631.37
861,20475,13313,5394,25818,1631.3745
862,20475,13313,5280,25754,1631.379
863,20475,13313,5184,25711,1631.3835
864,20475,13313,5090,25693,1631.388
865,20475,13313,4994,25654,1631.3925
866,20475,13313,4904,25615,1631.397
867,20475,13313,4808,25564,1631.4015
868,20065,12994,5202,25758,1631.406
869,20065,12994,5122,25691,1631.4105
870,20065,12994,5026,25647,1631.415
871,20065,12994,4936,25591,1631.4195
872,20065,12994,4840,25547,1631.424
873,20065,12994,4754,25500,1631.4285
874,20065,12994,4674,25438,1631.433
875,20065,12994,4578,25371,1631.4375
876,20065,12994,4496,25322,1631.442
877,20065,12994,4400,25277,1631.4465
878,20065,12994,4322,25257,1631.451
879,20065,12994,4226,25206,1631.4555
880,20065,12994,4152,25175,1631.46
881,20065,12994,4056,25116,1631.4645
882,19741,12742,4312,25247,1631.469
883,19741,12742,4232,25211,1631.4735
884,19741,12742,4168,25198,1631.478
885,19741,12742,4072,25179,1631.4825
886,19741,12742,4002,25174,1631.487
887,19741,12742,3922,25150,1631.4915
888,19741,12742,3840,25110,1631.496
889,19741,12742,3760,25103,1631.5005
890,19741,12742,3680,25082,1631.505
891,19741,12742,3602,25075,1631.5095
892,19741,12742,3538,25070,1631.514
893,19417,12490,3762,25191,1631.5185
894,19417,12490,3698,25163,1631.523
895,19417,12490,3634,25135,1631.5275
896,19417,12490,3554,25083,1631.532
897,19417,12490,3480,25069,1631.5365
898,19417,12490,3400,25037,1631.541
899,19417,12490,3330,24998,1631.5455
900,19417,12490,3266,24959,1631.55
901,19417,12490,3186,24910,1631.5545
902,19417,12490,3104,24827,1631.559
903,19417,12490,3040,24795,1631.5635
904,19093,12238,3248,24886,1631.568
905,19093,12238,3184,24828,1631.5725
906,19093,12238,3120,24783,1631.577
907,19093,12238,3056,24727,1631.5815
908,19093,12238,2994,24696,1631.586
909,19093,12238,2914,24638,1631.5905
910,19093,12238,2856,24597,1631.595
911,19093,12238,2776,24549,1631.5995
912,19093,12238,2722,24525,1631.604
913,19093,12238,2642,24479,1631.6085
914,19093,12238,2578,24438,1631.613
915,19093,12238,2512,24397,1631.6175
916,18769,11986,10224,25807,1631.622
917,18769,11986,10080,25786,1631.6265
918,18769,11986,9922,25772,1631.631
919,18769,11986,9762,25726,1631.6355
920,18769,11986,9608,25695,1631.64
921,18769,11986,9448,25654,1631.6445
922,18769,11986,9298,25627,1631.649
923,18769,11986,9138,25594,1631.6535
924,18769,11986,8992,25565,1631.658
925,18445,11734,9522,25727,1631.6625
926,18445,11734,9394,25696,1631.667
927,18445,11734,9234,25627,1631.6715
928,18445,11734,9088,25564,1631.676
929,18445,11734,8944,25531,1631.6805
930,18445,11734,8818,25512,1631.685
931,18445,11734,8658,25463,1631.6895
932,18445,11734,8520,25419,1631.694
933,18445,11734,8376,25359,1631.6985
934,18445,11734,8242,25307,1631.703
935,18445,11734,8098,25255,1631.7075
936,18445,11734,7968,25200,1631.712
937,18121,11482,8450,25350,1631.7165
938,18121,11482,8338,25326,1631.721
939,18121,11482,8194,25260,1631.7255
940,18121,11482,8064,25205,1631.73
941,18121,11482,7952,25178,1631.7345
942,18121,11482,7810,25141,1631.739
943,18121,11482,7682,25101,1631.7435
944,18121,11482,7560,25079,1631.748
945,18121,11482,7416,25046,1631.7525
946,18121,11482,7314,25034,1631.757
947,18121,11482,7186,25005,1631.7615
948,17797,11230,7602,25181,1631.766
949,17797,11230,7474,25159,1631.7705
950,17797,11230,7394,25145,1631.775
951,17797,11230,7266,25126,1631.7795
952,17797,11230,7138,25085,1631.784
953,17797,11230,7008,25075,1631.7885
954,17797,11230,6896,25069,1631.793
955,17797,11230,6786,25054,1631.7975
956,17797,11230,6674,25047,1631.802
957,17797,11230,6552,25022,1631.8065
958,17797,11230,6440,25005,1631.811
959,17797,11230,6322,24976,1631.8155
960,17797,11230,6210,24936,1631.82
961,17473,10978,6594,25080,1631.8245
962,17473,10978,6498,25055,1631.829
963,17473,10978,6402,25019,1631.8335
964,17473,10978,6290,24990,1631.838
965,17473,10978,6176,24926,1631.8425
966,17473,10978,6080,24876,1631.847
967,17473,10978,5970,24824,1631.8515
968,17473,10978,5858,24764,1631.856
969,17473,10978,5768,24716,1631.8605
970,17473,10978,5656,24665,1631.865
971,17149,10726,6034,24829,1631.8695
972,17149,10726,5938,24796,1631.874
973,17149,10726,5842,24742,1631.8785
974,17149,10726,5736,24669,1631.883
975,17149,10726,5624,24597,1631.8875
976,17149,10726,5538,24567,1631.892
977,17149,10726,5442,24535,1631.8965
978,17149,10726,5344,24495,1631.901
979,17149,10726,5232,24445,1631.9055
980,17149,10726,5154,24415,1631.91
981,17149,10726,5042,24367,1631.9145
982,17149,10726,4962,24335,1631.919
983,17149,10726,4856,24299,1631.9235
984,17149,10726,4760,24284,1631.928
985,16824,10466,5096,24424,1631.9325
986,16824,10466,5000,24381,1631.937
987,16824,10466,4936,24357,1631.9415
988,16824,10466,4840,24311,1631.946
989,16824,10466,4754,24286,1631.9505
990,16824,10466,4674,24247,1631.955
991,16824,10466,4578,24197,1631.9595
992,16824,10466,4480,24125,1631.964
993,16824,10466,4400,24079,1631.9685
994,16824,10466,4306,24036,1631.973
995,16824,10466,4226,23989,1631.9775
996,16569,10268,4434,24088,1631.982
997,16569,10268,4370,24044,1631.9865
998,16569,10268,4290,23988,1631.991
999,16569,10268,4210,23927,1631.9955
1000,16569,10268,4120,23853,1632.0
1001,16569,10268,4040,23803,1632.0045
1002,16569,10268,3954,23772,1632.009
1003,16569,10268,3874,23727,1632.0135
1004,16569,10268,3792,23671,1632.018
1005,16569,10268,3712,23610,1632.0225
1006,16314,10070,3920,23725,1632.027
1007,16314,10070,3856,23693,1632.0315
1008,16314,10070,3792,23673,1632.036
1009,16314,10070,3712,23644,1632.0405
1010,16314,10070,3634,23638,1632.045
1011,16314,10070,3554,23598,1632.0495
1012,16314,10070,3480,23559,1632.054
1013,16314,10070,3400,23542,1632.0585
1014,16314,10070,3330,23532,1632.063
1015,16314,10070,3250,23534,1632.0675
1016,16314,10070,3186,23526,1632.072
1017,16059,9872,3378,23660,1632.0765
1018,16059,9872,3314,23635,1632.081
1019,16059,9872,3234,23610,1632.0855
1020,16059,9872,3168,23582,1632.09
1021,16059,9872,3088,23549,1632.0945
1022,16059,9872,3024,23542,1632.099
1023,16059,9872,2946,23529,1632.1035
1024,16059,9872,2882,23514,1632.108
1025,16059,9872,2808,23480,1632.1125
1026,16059,9872,2744,23455,1632.117
1027,15804,9674,2920,23541,1632.1215
1028,15804,9674,2872,23517,1632.126
1029,15804,9674,2792,23479,1632.1305
1030,15804,9674,2728,23454,1632.135
1031,15804,9674,2658,23418,1632.1395
1032,15804,9674,2594,23381,1632.144
1033,15804,9674,2528,23320,1632.1485
1034,15549,9476,10338,24573,1632.153
1035,15549,9476,10176,24509,1632.1575
1036,15549,9476,10032,24488,1632.162
1037,15549,9476,9874,24458,1632.1665
1038,15549,9476,9714,24411,1632.171
1039,15549,9476,9576,24380,1632.1755
1040,15549,9476,9432,24341,1632.18
1041,15549,9476,9266,24300,1632.1845
1042,15549,9476,9122,24267,1632.189
1043,15549,9476,8960,24215,1632.1935
1044,15549,9476,8818,24191,1632.198
1045,15549,9476,8690,24171,1632.2025
1046,15294,9278,9090,24301,1632.207
1047,15294,9278,8978,24285,1632.2115
1048,15294,9278,8866,24263,1632.216
1049,15294,9278,8722,24236,1632.2205
1050,15294,9278,8568,24189,1632.225
1051,15294,9278,8424,24158,1632.2295
1052,15294,9278,8290,24119,1632.234
1053,15294,9278,8146,24062,1632.2385
1054,15294,9278,8016,24039,1632.243
1055,15294,9278,7888,24013,1632.2475
1056,15039,9080,8256,24127,1632.252
1057,15039,9080,8176,24096,1632.2565
1058,15039,9080,8048,24045,1632.261
1059,15039,9080,7920,23988,1632.2655
1060,15039,9080,7794,23934,1632.27
1061,15039,9080,7666,23895,1632.2745
1062,15039,9080,7544,23852,1632.279
1063,15039,9080,7416,23799,1632.2835
1064,15039,9080,7298,23755,1632.288
1065,15039,9080,7154,23677,1632.2925
1066,15039,9080,7024,23615,1632.297
1067,15039,9080,6896,23552,1632.3015
1068,14784,8882,7280,23703,1632.306
1069,14784,8882,7200,23667,1632.3105
1070,14784,8882,7072,23632,1632.315
1071,14784,8882,6944,23588,1632.3195
1072,14784,8882,6834,23567,1632.324
1073,14784,8882,6722,23532,1632.3285
1074,14784,8882,6600,23513,1632.333
1075,14784,8882,6488,23495,1632.3375
1076,14784,8882,6370,23478,1632.342
1077,14784,8882,6258,23452,1632.3465
1078,14529,8684,6594,23598,1632.351
1079,14529,8684,6498,23592,1632.3555
1080,14529,8684,6402,23565,1632.36
1081,14529,8684,6290,23566,1632.3645
1082,14529,8684,6176,23534,1632.369
1083,14529,8684,6064,23518,1632.3735
1084,14529,8684,5970,23515,1632.378
1085,14529,8684,5858,23483,1632.3825
1086,14529,8684,5752,23455,1632.387
1087,14529,8684,5640,23422,1632.3915
1088,14272,8477,5960,23582,1632.396
1089,14272,8477,5848,23544,1632.4005
1090,14272,8477,5784,23525,1632.405
1091,14272,8477,5688,23483,1632.4095
1092,14272,8477,5576,23436,1632.414
1093,14272,8477,5490,23406,1632.4185
1094,14272,8477,5378,23344,1632.423
1095,14272,8477,5280,23292,1632.4275
1096,14272,8477,5168,23255,1632.432
1097,14272,8477,5090,23223,1632.4365
1098,14272,8477,4994,23175,1632.441
1099,14272,8477,4904,23143,1632.4455
1100,14272,8477,4808,23098,1632.45
1101,14001,8253,5128,23262,1632.4545
1102,14001,8253,5032,23231,1632.459
1103,14001,8253,4968,23213,1632.4635
1104,14001,8253,4872,23160,1632.468
1105,14001,8253,4792,23133,1632.4725
1106,14001,8253,4706,23100,1632.477
1107,14001,8253,4594,23055,1632.4815
1108,14001,8253,4512,23030,1632.486
1109,14001,8253,4432,23014,1632.4905
1110,14001,8253,4338,22991,1632.495
1111,14001,8253,4258,22959,1632.4995
1112,13730,8029,4546,23133,1632.504
1113,13730,8029,4466,23102,1632.5085
1114,13730,8029,4402,23080,1632.513
1115,13730,8029,4322,23034,1632.5175
1116,13730,8029,4226,22996,1632.522
1117,13730,8029,4152,22957,1632.5265
1118,13730,8029,4056,22894,1632.531
1119,13730,8029,3986,22859,1632.5355
1120,13730,8029,3906,22811,1632.54
1121,13730,8029,3824,22751,1632.5445
1122,13730,8029,3744,22710,1632.549
1123,13730,8029,3664,22654,1632.5535
1124,13730,8029,3586,22591,1632.558
1125,13730,8029,3506,22543,1632.5625
1126,13459,7805,3778,22683,1632.567
1127,13459,7805,3698,22622,1632.5715
1128,13459,7805,3650,22583,1632.576
1129,13459,7805,3570,22519,1632.5805
1130,13459,7805,3496,22463,1632.585
1131,13459,7805,3416,22411,1632.5895
1132,13459,7805,3352,22367,1632.594
1133,13459,7805,3266,22326,1632.5985
1134,13459,7805,3202,22287,1632.603
1135,13459,7805,3120,22248,1632.6075
1136,13459,7805,3056,22208,1632.612
1137,13459,7805,2978,22190,1632.6165
1138,13459,7805,2914,22165,1632.621
1139,13188,7581,3170,22327,1632.6255
1140,13188,7581,3090,22298,1632.63
1141,13188,7581,3026,22282,1632.6345
1142,13188,7581,2962,22261,1632.639
1143,13188,7581,2898,22239,1632.6435
1144,13188,7581,2824,22199,1632.648
1145,13188,7581,2760,22190,1632.6525
1146,13188,7581,2690,22172,1632.657
1147,13188,7581,2610,22158,1632.6615
1148,13188,7581,2544,22131,1632.666
1149,12917,7357,10648,23420,1632.6705
1150,12917,7357,10482,23383,1632.675
1151,12917,7357,10322,23336,1632.6795
1152,12917,7357,10160,23278,1632.684
1153,12917,7357,10000,23237,1632.6885
1154,12917,7357,9858,23206,1632.693
1155,12917,7357,9698,23162,1632.6975
1156,12917,7357,9544,23126,1632.702
1157,12917,7357,9394,23079,1632.7065
1158,12917,7357,9234,23021,1632.711
1159,12917,7357,9088,22967,1632.7155
1160,12917,7357,8944,22938,1632.72
1161,12917,7357,8802,22904,1632.7245
1162,12917,7357,8658,22873,1632.729
1163,12917,7357,8504,22823,1632.7335
1164,12917,7357,8360,22774,1632.738
1165,12646,7133,8920,22974,1632.7425
1166,12646,7133,8776,22941,1632.747
1167,12646,7133,8680,22909,1632.7515
1168,12646,7133,8552,22896,1632.756
1169,12646,7133,8424,22872,1632.7605
1170,12646,7133,8274,22844,1632.765
1171,12646,7133,8146,22811,1632.7695
1172,12646,7133,7984,22773,1632.774
1173,12646,7133,7872,22750,1632.7785
1174,12646,7133,7746,22742,1632.783
1175,12646,7133,7602,22717,1632.7875
1176,12646,7133,7480,22685,1632.792
1177,12375,6909,7986,22909,1632.7965
1178,12375,6909,7890,22895,1632.801
1179,12375,6909,7778,22870,1632.8055
1180,12375,6909,7650,22830,1632.81
1181,12375,6909,7512,22782,1632.8145
1182,12375,6909,7384,22746,1632.819
1183,12375,6909,7282,22702,1632.8235
1184,12375,6909,7154,22637,1632.828
1185,12375,6909,7024,22576,1632.8325
1186,12375,6909,6896,22519,1632.837
1187,12375,6909,6802,22502,1632.8415
1188,12375,6909,6674,22444,1632.846
1189,12375,6909,6568,22383,1632.8505
1190,12375,6909,6456,22326,1632.855
1191,12104,6685,6888,22495,1632.8595
1192,12104,6685,6776,22455,1632.864
1193,12104,6685,6712,22430,1632.8685
1194,12104,6685,6600,22382,1632.873
1195,12104,6685,6488,22329,1632.8775
1196,12104,6685,6370,22261,1632.882
1197,12104,6685,6258,22206,1632.8865
1198,12104,6685,6144,22136,1632.891
1199,12104,6685,6048,22120,1632.8955
1200,12104,6685,5938,22108,1632.9
1201,12104,6685,5842,22078,1632.9045
1202,12104,6685,5736,22038,1632.909
1203,12104,6685,5624,21996,1632.9135
1204,11833,6461,6050,22262,1632.918
1205,11833,6461,5970,22251,1632.9225
1206,11833,6461,5858,22224,1632.927
1207,11833,6461,5752,22191,1632.9315
1208,11833,6461,5656,22156,1632.936
1209,11833,6461,5554,22134,1632.9405
1210,11833,6461,5458,22105,1632.945
1211,11833,6461,5360,22061,1632.9495
1212,11833,6461,5264,22039,1632.954
1213,11833,6461,5168,22008,1632.9585
1214,11833,6461,5074,21994,1632.963
1215,11833,6461,4978,21959,1632.9675
1216,11833,6461,4888,21918,1632.972
1217,11833,6461,4792,21875,1632.9765
1218,11560,6228,5202,22126,1632.981
1219,11560,6228,5106,22063,1632.9855
1220,11560,6228,5010,22014,1632.99
1221,11560,6228,4920,21975,1632.9945
1222,11560,6228,4824,21933,1632.999
1223,11560,6228,4738,21883,1633.0035
1224,11560,6228,4642,21840,1633.008
1225,11560,6228,4560,21791,1633.0125
1226,11560,6228,4464,21743,1633.017
1227,11560,6228,4386,21718,1633.0215
1228,11560,6228,4306,21687,1633.026
1229,11560,6228,4210,21631,1633.0305
1230,11560,6228,4136,21597,1633.035
1231,11560,6228,4040,21558,1633.0395
1232,11560,6228,3954,21534,1633.044
1233,11560,6228,3874,21512,1633.0485
1234,11351,6058,4114,21710,1633.053
1235,11351,6058,4050,21691,1633.0575
1236,11351,6058,3970,21661,1633.062
1237,11351,6058,3890,21645,1633.0665
1238,11351,6058,3824,21614,1633.071
1239,11351,6058,3744,21595,1633.0755
1240,11351,6058,3650,21566,1633.08
1241,11351,6058,3570,21535,1633.0845
1242,11351,6058,3506,21503,1633.089
1243,11351,6058,3432,21470,1633.0935
1244,11351,6058,3352,21435,1633.098
1245,11142,5888,3560,21564,1633.1025
1246,11142,5888,3496,21534,1633.107
1247,11142,5888,3432,21500,1633.1115
1248,11142,5888,3352,21459,1633.116
1249,11142,5888,3282,21417,1633.1205
1250,11142,5888,3202,21341,1633.125
1251,11142,5888,3136,21278,1633.1295
1252,11142,5888,3056,21214,1633.134
1253,11142,5888,2994,21182,1633.1385
1254,11142,5888,2914,21127,1633.143
1255,11142,5888,2856,21082,1633.1475
1256,11142,5888,2776,21015,1633.152
1257,11142,5888,2712,20970,1633.1565
1258,10933,5718,2936,21157,1633.161
1259,10933,5718,2872,21110,1633.1655
1260,10933,5718,2808,21062,1633.17
1261,10933,5718,2744,21016,1633.1745
1262,10933,5718,2674,20971,1633.179
1263,10933,5718,2594,20920,1633.1835
1264,10933,5718,2528,20877,1633.188
1265,10724,5548,10632,22052,1633.1925
1266,10724,5548,10450,22011,1633.197
1267,10724,5548,10290,21979,1633.2015
1268,10724,5548,10128,21936,1633.206
1269,10724,5548,9968,21886,1633.2105
1270,10724,5548,9826,21878,1633.215
1271,10724,5548,9688,21849,1633.2195
1272,10724,5548,9528,21820,1633.224
1273,10724,5548,9378,21803,1633.2285
1274,10724,5548,9202,21751,1633.233
1275,10724,5548,9072,21720,1633.2375
1276,10724,5548,8912,21678,1633.242
1277,10724,5548,8770,21643,1633.2465
1278,10724,5548,8626,21619,1633.251
1279,10724,5548,8472,21581,1633.2555
1280,10515,5378,8978,21814,1633.26
1281,10515,5378,8850,21767,1633.2645
1282,10515,5378,8706,21703,1633.269
1283,10515,5378,8568,21662,1633.2735
1284,10515,5378,8424,21613,1633.278
1285,10515,5378,8290,21563,1633.2825
1286,10515,5378,8146,21504,1633.287
1287,10515,5378,8016,21470,1633.2915
1288,10515,5378,7888,21438,1633.296
1289,10515,5378,7762,21419,1633.3005
1290,10515,5378,7618,21369,1633.305
1291,10515,5378,7496,21343,1633.3095
1292,10515,5378,7368,21309,1633.314
1293,10306,5208,7784,21508,1633.3185
1294,10306,5208,7688,21485,1633.323
1295,10306,5208,7576,21467,1633.3275
1296,10306,5208,7448,21432,1633.332
1297,10306,5208,7330,21406,1633.3365
1298,10306,5208,7202,21374,1633.341
1299,10306,5208,7072,21365,1633.3455
1300,10306,5208,6960,21358,1633.35
1301,10306,5208,6834,21351,1633.3545
1302,10306,5208,6722,21324,1633.359
1303,10306,5208,6600,21294,1633.3635
1304,10306,5208,6488,21275,1633.368
1305,10097,5038,6872,21502,1633.3725
1306,10097,5038,6760,21483,1633.377
1307,10097,5038,6680,21454,1633.3815
1308,10097,5038,6568,21423,1633.386
1309,10097,5038,6456,21374,1633.3905
1310,10097,5038,6354,21351,1633.395
1311,10097,5038,6242,21303,1633.3995
1312,10097,5038,6112,21238,1633.404
1313,10097,5038,6016,21199,1633.4085
1314,10097,5038,5906,21159,1633.413
1315,10097,5038,5810,21108,1633.4175
1316,9888,4868,6146,21260,1633.422
1317,9888,4868,6050,21227,1633.4265
1318,9888,4868,5970,21192,1633.431
1319,9888,4868,5874,21133,1633.4355
1320,9888,4868,5768,21064,1633.44
1321,9888,4868,5656,20983,1633.4445
1322,9888,4868,5570,20943,1633.449
1323,9888,4868,5474,20903,1633.4535
1324,9888,4868,5362,20854,1633.458
1325,9888,4868,5264,20811,1633.4625
1326,9888,4868,5168,20761,1633.467
1327,9888,4868,5074,20719,1633.4715
1328,9888,4868,4978,20670,1633.476
1329,9679,4698,5314,20921,1633.4805
1330,9679,4698,5218,20887,1633.485
1331,9679,4698,5138,20856,1633.4895
1332,9679,4698,5058,20830,1633.494
1333,9679,4698,4968,20796,1633.4985
1334,9679,4698,4856,20733,1633.503
1335,9679,4698,4776,20719,1633.5075
1336,9679,4698,4674,20676,1633.512
1337,9679,4698,4578,20646,1633.5165
1338,9679,4698,4496,20602,1633.521
1339,9679,4698,4400,20569,1633.5255
1340,9679,4698,4322,20526,1633.53
1341,9679,4698,4226,20468,1633.5345
1342,9463,4519,4546,20717,1633.539
1343,9463,4519,4466,20683,1633.5435
1344,9463,4519,4402,20654,1633.548
1345,9463,4519,4306,20597,1633.5525
1346,9463,4519,4226,20540,1633.557
1347,9463,4519,4136,20476,1633.5615
1348,9463,4519,4056,20430,1633.566
1349,9463,4519,3970,20382,1633.5705
1350,9463,4519,3890,20343,1633.575
1351,9463,4519,3808,20286,1633.5795
1352,9463,4519,3728,20251,1633.584
1353,9275,4392,3936,20430,1633.5885
1354,9275,4392,3872,20398,1633.593
1355,9275,4392,3792,20360,1633.5975
1356,9275,4392,3728,20333,1633.602
1357,9275,4392,3650,20302,1633.6065
1358,9275,4392,3570,20269,1633.611
1359,9275,4392,3496,20246,1633.6155
1360,9275,4392,3416,20216,1633.62
1361,9275,4392,3336,20190,1633.6245
1362,9275,4392,3266,20172,1633.629
1363,9275,4392,3186,20143,1633.6335
1364,9275,4392,3120,20118,1633.638
1365,9275,4392,3040,20089,1633.6425
1366,9087,4265,3232,20307,1633.647
1367,9087,4265,3184,20285,1633.6515
1368,9087,4265,3104,20252,1633.656
1369,9087,4265,3040,20219,1633.6605
1370,9087,4265,2962,20214,1633.665
1371,9087,4265,2898,20198,1633.6695
1372,9087,4265,2824,20155,1633.674
1373,9087,4265,2760,20123,1633.6785
1374,9087,4265,2674,20063,1633.683
1375,9087,4265,2610,20021,1633.6875
1376,8899,4138,2802,20206,1633.692
1377,8899,4138,2738,20179,1633.6965
1378,8899,4138,2674,20142,1633.701
1379,8899,4138,2610,20091,1633.7055
1380,8899,4138,2544,20028,1633.71
1381,8711,4011,10760,21263,1633.7145
1382,8711,4011,10584,21200,1633.719
1383,8711,4011,10418,21141,1633.7235
1384,8711,4011,10258,21079,1633.728
1385,8711,4011,10096,21022,1633.7325
1386,8711,4011,9954,20981,1633.737
1387,8711,4011,9794,20921,1633.7415
1388,8711,4011,9640,20862,1633.746
1389,8711,4011,9480,20806,1633.7505
1390,8711,4011,9330,20770,1633.755
1391,8711,4011,9186,20727,1633.7595
1392,8711,4011,9040,20699,1633.764
1393,8711,4011,8880,20649,1633.7685
1394,8711,4011,8738,20598,1633.773
1395,8711,4011,8600,20566,1633.7775
1396,8711,4011,8440,20526,1633.782
1397,8523,3884,8888,20812,1633.7865
1398,8523,3884,8744,20766,1633.791
1399,8523,3884,8648,20731,1633.7955
1400,8523,3884,8520,20701,1633.8
1401,8523,3884,8376,20656,1633.8045
1402,8523,3884,8226,20604,1633.809
1403,8523,3884,8098,20583,1633.8135
1404,8523,3884,7952,20534,1633.818
1405,8523,3884,7826,20503,1633.8225
1406,8523,3884,7698,20445,1633.827
1407,8335,3757,8114,20672,1633.8315
1408,8335,3757,7970,20622,1633.836
1409,8335,3757,7890,20600,1633.8405
1410,8335,3757,7762,20566,1633.845
1411,8335,3757,7634,20511,1633.8495
1412,8335,3757,7496,20459,1633.854
1413,8335,3757,7368,20399,1633.8585
1414,8335,3757,7250,20348,1633.863
1415,8335,3757,7120,20295,1633.8675
1416,8335,3757,7008,20255,1633.872
1417,8147,3630,7360,20472,1633.8765
1418,8147,3630,7248,20443,1633.881
1419,8147,3630,7152,20409,1633.8855
1420,8147,3630,7040,20379,1633.89
1421,8147,3630,6928,20349,1633.8945
1422,8147,3630,6818,20342,1633.899
1423,8147,3630,6690,20310,1633.9035
1424,8147,3630,6584,20282,1633.908
1425,8147,3630,6472,20262,1633.9125
1426,8147,3630,6354,20238,1633.917
1427,8147,3630,6226,20214,1633.9215
1428,8147,3630,6112,20182,1633.926
1429,8147,3630,6016,20156,1633.9305
1430,7959,3503,6352,20430,1633.935
1431,7959,3503,6272,20407,1633.9395
1432,7959,3503,6160,20381,1633.944
1433,7959,3503,6064,20366,1633.9485
1434,7959,3503,5954,20343,1633.953
1435,7959,3503,5842,20317,1633.9575
1436,7959,3503,5736,20280,1633.962
1437,7959,3503,5640,20238,1633.9665
1438,7959,3503,5538,20211,1633.971
1439,7959,3503,5442,20169,1633.9755
1440,7959,3503,5328,20116,1633.98
1441,7959,3503,5232,20063,1633.9845
1442,7771,3376,5552,20286,1633.989
1443,7771,3376,5440,20222,1633.9935
1444,7771,3376,5360,20191,1633.998
1445,7771,3376,5264,20148,1634.0025
1446,7771,3376,5168,20087,1634.007
1447,7771,3376,5074,20039,1634.0115
1448,7771,3376,4978,19981,1634.016
1449,7771,3376,4888,19934,1634.0205
1450,7771,3376,4792,19893,1634.025
1451,7576,3249,5096,20135,1634.0295
1452,7576,3249,5000,20086,1634.034
1453,7576,3249,4936,20054,1634.0385
1454,7576,3249,4840,19997,1634.043
1455,7576,3249,4738,19951,1634.0475
1456,7576,3249,4658,19931,1634.052
1457,7576,3249,4562,19900,1634.0565
1458,7576,3249,4464,19855,1634.061
1459,7576,3249,4386,19821,1634.0655
1460,7576,3249,4306,19781,1634.07
1461,7576,3249,4226,19740,1634.0745
1462,7576,3249,4136,19701,1634.079
1463,7576,3249,4040,19674,1634.0835
1464,7435,3130,4248,19838,1634.088
1465,7435,3130,4184,19814,1634.0925
1466,7435,3130,4104,19756,1634.097
1467,7435,3130,4018,19720,1634.1015
1468,7435,3130,3938,19679,1634.106
1469,7435,3130,3858,19643,1634.1105
1470,7435,3130,3776,19583,1634.115
1471,7435,3130,3696,19550,1634.1195
1472,7435,3130,3618,19502,1634.124
1473,7435,3130,3538,19443,1634.1285
1474,7435,3130,3464,19391,1634.133
1475,7435,3130,3384,19350,1634.1375
1476,7294,3011,3576,19479,1634.142
1477,7294,3011,3512,19444,1634.1465
1478,7294,3011,3432,19402,1634.151
1479,7294,3011,3352,19350,1634.1555
1480,7294,3011,3282,19311,1634.16
1481,7294,3011,3218,19275,1634.1645
1482,7294,3011,3136,19214,1634.169
1483,7294,3011,3056,19182,1634.1735
1484,7153,2892,3232,19358,1634.178
1485,7153,2892,3184,19341,1634.1825
1486,7153,2892,3104,19303,1634.187
1487,7153,2892,3024,19278,1634.1915
1488,7153,2892,2962,19262,1634.196
1489,7153,2892,2898,19252,1634.2005
1490,7153,2892,2824,19215,1634.205
1491,7153,2892,2744,19195,1634.2095
1492,7153,2892,2674,19183,1634.214
1493,7153,2892,2610,19167,1634.2185
1494,7153,2892,2544,19134,1634.223
1495,7012,2773,10898,20359,1634.2275
1496,7012,2773,10712,20327,1634.232
1497,7012,2773,10552,20301,1634.2365
1498,7012,2773,10386,20270,1634.241
1499,7012,2773,10208,20206,1634.2455
1500,7012,2773,10064,20190,1634.25
1501,7012,2773,9906,20158,1634.2545
1502,7012,2773,9730,20107,1634.259
1503,6871,2654,10130,20318,1634.2635
1504,6871,2654,10034,20286,1634.268
1505,6871,2654,9890,20244,1634.2725
1506,6871,2654,9730,20174,1634.277
1507,6871,2654,9576,20135,1634.2815
1508,6871,2654,9416,20079,1634.286
1509,6871,2654,9266,20031,1634.2905
1510,6871,2654,9104,19965,1634.295
1511,6871,2654,8976,19926,1634.2995
1512,6871,2654,8834,19870,1634.304
1513,6871,2654,8674,19820,1634.3085
1514,6871,2654,8536,19771,1634.313
1515,6871,2654,8392,19719,1634.3175
1516,6730,2535,8776,19933,1634.322
1517,6730,2535,8680,19901,1634.3265
1518,6730,2535,8536,19866,1634.331
1519,6730,2535,8392,19816,1634.3355
1520,6730,2535,8258,19767,1634.34
1521,6730,2535,8130,19735,1634.3445
1522,6730,2535,7984,19700,1634.349
1523,6730,2535,7858,19686,1634.3535
1524,6730,2535,7730,19646,1634.358
1525,6730,2535,7592,19608,1634.3625
1526,6730,2535,7464,19566,1634.367
1527,6589,2416,7800,19766,1634.3715
1528,6589,2416,7688,19724,1634.376
1529,6589,2416,7592,19705,1634.3805
1530,6589,2416,7464,19673,1634.385
1531,6589,2416,7346,19639,1634.3895
1532,6589,2416,7218,19574,1634.394
1533,6589,2416,7088,19514,1634.3985
1534,6589,2416,6960,19453,1634.403
1535,6448,2297,7280,19663,1634.4075
1536,6448,2297,7184,19613,1634.412
1537,6448,2297,7072,19567,1634.4165
1538,6448,2297,6944,19508,1634.421
1539,6448,2297,6834,19455,1634.4255
1540,6448,2297,6722,19413,1634.43
1541,6448,2297,6600,19357,1634.4345
1542,6448,2297,6488,19314,1634.439
1543,6448,2297,6370,19263,1634.4435
1544,6448,2297,6258,19222,1634.448
1545,6448,2297,6144,19150,1634.4525
1546,6448,2297,6032,19119,1634.457
1547,6307,2178,6320,19327,1634.4615
1548,6307,2178,6240,19309,1634.466
1549,6307,2178,6144,19261,1634.4705
1550,6307,2178,6032,19255,1634.475
1551,6307,2178,5938,19247,1634.4795
1552,6307,2178,5826,19213,1634.484
1553,6307,2178,5720,19189,1634.4885
1554,6307,2178,5608,19163,1634.493
1555,6307,2178,5506,19142,1634.4975
1556,6307,2178,5410,19130,1634.502
1557,6307,2178,5296,19100,1634.5065
1558,6307,2178,5200,19068,1634.511
1559,43724,38310,8610,36128,1634.5155
1560,43724,38310,8466,36079,1634.52
1561,43724,38310,8338,36027,1634.5245
1562,43724,38310,8162,35951,1634.529
1563,43724,38310,8016,35902,1634.5335
1564,43724,38310,7888,35852,1634.538
1565,43724,38310,7794,35815,1634.5425
1566,43724,38310,7666,35735,1634.547
1567,43724,38310,7544,35663,1634.5515
1568,43724,38310,7416,35581,1634.556
1569,42933,37618,7938,35536,1634.5605
1570,42933,37618,7826,35481,1634.565
1571,42933,37618,7698,35380,1634.5695
1572,42933,37618,7576,35287,1634.574
1573,42933,37618,7464,35197,1634.5785
1574,42933,37618,7346,35130,1634.583
1575,42933,37618,7234,35051,1634.5875
1576,42933,37618,7088,34942,1634.592
1577,42933,37618,6992,34875,1634.5965
1578,42933,37618,6866,34791,1634.601
1579,42933,37618,6770,34731,1634.6055
1580,42142,36926,7200,34651,1634.61
1581,42142,36926,7120,34614,1634.6145
1582,42142,36926,6992,34550,1634.619
1583,42142,36926,6898,34520,1634.6235
1584,42142,36926,6786,34452,1634.628
1585,42142,36926,6674,34391,1634.6325
1586,42142,36926,6568,34334,1634.637
1587,42142,36926,6456,34283,1634.6415
1588,42142,36926,6354,34253,1634.646
1589,42142,36926,6242,34199,1634.6505
1590,42142,36926,6128,34110,1634.655
1591,42142,36926,6016,34031,1634.6595
1592,42142,36926,5938,34000,1634.664
1593,42142,36926,5826,33933,1634.6685
1594,41351,36234,6240,33910,1634.673
1595,41351,36234,6160,33851,1634.6775
1596,41351,36234,6048,33779,1634.682
1597,41351,36234,5954,33711,1634.6865
1598,41351,36234,5874,33635,1634.691
1599,41351,36234,5752,33511,1634.6955
1600,41351,36234,5656,33423,1634.7
1601,41351,36234,5570,33349,1634.7045
1602,41351,36234,5474,33269,1634.709
1603,41351,36234,5376,33171,1634.7135
1604,41351,36234,5280,33098,1634.718
1605,41351,36234,5184,33011,1634.7225
1606,41351,36234,5090,32950,1634.727
1607,41351,36234,5010,32888,1634.7315
1608,40556,35542,5392,32828,1634.736
1609,40556,35542,5296,32762,1634.7405
1610,40556,35542,5216,32713,1634.745
1611,40556,35542,5122,32647,1634.7495
1612,40556,35542,5042,32622,1634.754
1613,40556,35542,4952,32572,1634.7585
1614,40556,35542,4856,32520,1634.763
1615,40556,35542,4770,32507,1634.7675
1616,40556,35542,4690,32495,1634.772
1617,40556,35542,4594,32475,1634.7765
1618,40556,35542,4528,32463,1634.781
1619,40556,35542,4432,32445,1634.7855
1620,40556,35542,4370,32446,1634.79
1621,40556,35542,4274,32442,1634.7945
1622,39961,34962,4514,32382,1634.799
1623,39961,34962,4434,32375,1634.8035
1624,39961,34962,4370,32349,1634.808
1625,39961,34962,4290,32317,1634.8125
1626,39961,34962,4216,32286,1634.817
1627,39961,34962,4120,32252,1634.8215
1628,39961,34962,4056,32248,1634.826
1629,39961,34962,3970,32229,1634.8305
1630,39961,34962,3906,32207,1634.835
1631,39961,34962,3824,32157,1634.8395
1632,39961,34962,3744,32110,1634.844
1633,39366,34382,3968,32006,1634.8485
1634,39366,34382,3904,31987,1634.853
1635,39366,34382,3840,31955,1634.8575
1636,39366,34382,3776,31927,1634.862
1637,39366,34382,3698,31879,1634.8665
1638,39366,34382,3634,31831,1634.871
1639,39366,34382,3554,31771,1634.8755
1640,39366,34382,3480,31738,1634.88
1641,39366,34382,3400,31718,1634.8845
1642,38771,33802,3624,31671,1634.889
1643,38771,33802,3544,31613,1634.8935
1644,38771,33802,3496,31595,1634.898
1645,38771,33802,3432,31559,1634.9025
1646,38771,33802,3362,31543,1634.907
1647,38771,33802,3282,31541,1634.9115
1648,38771,33802,3218,31536,1634.916
1649,38771,33802,3152,31516,1634.9205
1650,38771,33802,3072,31470,1634.925
1651,38771,33802,3010,31471,1634.9295
1652,38771,33802,2946,31454,1634.934
1653,38771,33802,2872,31451,1634.9385
1654,38771,33802,2808,31439,1634.943
1655,38771,33802,2744,31438,1634.9475
1656,38176,33222,2952,31358,1634.952
1657,38176,33222,2888,31325,1634.9565
1658,38176,33222,2824,31275,1634.961
1659,38176,33222,2760,31244,1634.9655
1660,38176,33222,2690,31210,1634.97
1661,38176,33222,2626,31183,1634.9745
1662,38176,33222,2560,31118,1634.979
1663,37581,32642,10128,33726,1634.9835
1664,37581,32642,9970,33630,1634.988
1665,37581,32642,9826,33531,1634.9925
1666,37581,32642,9688,33454,1634.997
1667,37581,32642,9544,33366,1635.0015
1668,37581,32642,9394,33271,1635.006
1669,37581,32642,9234,33180,1635.0105
1670,37581,32642,9104,33108,1635.015
1671,37581,32642,8944,33019,1635.0195
1672,37581,32642,8818,32979,1635.024
1673,37581,32642,8658,32895,1635.0285
1674,37581,32642,8536,32844,1635.033
1675,36986,32062,8994,32807,1635.0375
1676,36986,32062,8898,32759,1635.042
1677,36986,32062,8770,32719,1635.0465
1678,36986,32062,8632,32668,1635.051
1679,36986,32062,8504,32630,1635.0555
1680,36986,32062,8370,32606,1635.06
1681,36986,32062,8242,32571,1635.0645
1682,36986,32062,8096,32541,1635.069
1683,36986,32062,7968,32510,1635.0735
1684,36986,32062,7842,32506,1635.078
1685,36986,32062,7714,32477,1635.0825
1686,36986,32062,7576,32458,1635.087
1687,36986,32062,7464,32438,1635.0915
1688,36391,31482,7896,32456,1635.096
1689,36391,31482,7768,32415,1635.1005
1690,36391,31482,7688,32374,1635.105
1691,36391,31482,7560,32318,1635.1095
1692,36391,31482,7448,32279,1635.114
1693,36391,31482,7330,32239,1635.1185
1694,36391,31482,7202,32190,1635.123
1695,36391,31482,7088,32150,1635.1275
1696,36391,31482,6960,32093,1635.132
1697,36391,31482,6850,32031,1635.1365
1698,36391,31482,6738,31973,1635.141
1699,35796,30902,7122,31950,1635.1455
1700,35796,30902,7010,31886,1635.15
1701,35796,30902,6946,31854,1635.1545
1702,35796,30902,6834,31799,1635.159
1703,35796,30902,6706,31723,1635.1635
1704,35796,30902,6600,31657,1635.168
1705,35796,30902,6488,31599,1635.1725
1706,35796,30902,6370,31559,1635.177
1707,35796,30902,6258,31519,1635.1815
1708,35796,30902,6144,31453,1635.186
1709,35796,30902,6048,31428,1635.1905
1710,35201,30322,6416,31447,1635.195
1711,35201,30322,6320,31405,1635.1995
1712,35201,30322,6240,31356,1635.204
1713,35201,30322,6128,31323,1635.2085
1714,35201,30322,6034,31324,1635.213
1715,35201,30322,5938,31287,1635.2175
1716,35201,30322,5826,31226,1635.222
1717,35201,30322,5736,31192,1635.2265
1718,35201,30322,5624,31134,1635.231
1719,35201,30322,5522,31101,1635.2355
1720,35201,30322,5426,31070,1635.24
1721,35201,30322,5328,31003,1635.2445
1722,35201,30322,5232,30935,1635.249
1723,34605,29739,5618,30967,1635.2535
1724,34605,29739,5522,30903,1635.258
1725,34605,29739,5426,30835,1635.2625
1726,34605,29739,5328,30751,1635.267
1727,34605,29739,5232,30686,1635.2715
1728,34605,29739,5138,30618,1635.276
1729,34605,29739,5042,30526,1635.2805
1730,34605,29739,4968,30447,1635.285
1731,34605,29739,4872,30351,1635.2895
1732,34605,29739,4786,30294,1635.294
1733,34605,29739,4706,30222,1635.2985
1734,34605,29739,4594,30134,1635.303
1735,34605,29739,4512,30069,1635.3075
1736,34605,29739,4432,30013,1635.312
1737,34058,29211,4720,29996,1635.3165
1738,34058,29211,4624,29928,1635.321
1739,34058,29211,4560,29901,1635.3255
1740,34058,29211,4480,29851,1635.33
1741,34058,29211,4402,29821,1635.3345
1742,34058,29211,4322,29787,1635.339
1743,34058,29211,4242,29751,1635.3435
1744,34058,29211,4152,29691,1635.348
1745,34058,29211,4072,29663,1635.3525
1746,34058,29211,3986,29655,1635.357
1747,34058,29211,3922,29648,1635.3615
1748,33511,28683,4162,29661,1635.366
1749,33511,28683,4082,29631,1635.3705
1750,33511,28683,4034,29627,1635.375
1751,33511,28683,3954,29607,1635.3795
1752,33511,28683,3874,29567,1635.384
1753,33511,28683,3808,29541,1635.3885
1754,33511,28683,3728,29518,1635.393
1755,33511,28683,3650,29493,1635.3975
1756,33511,28683,3570,29461,1635.402
1757,33511,28683,3496,29430,1635.4065
1758,33511,28683,3432,29404,1635.411
1759,33511,28683,3368,29366,1635.4155
1760,33511,28683,3298,29342,1635.42
1761,33511,28683,3218,29301,1635.4245
1762,32964,28155,3458,29271,1635.429
1763,32964,28155,3394,29232,1635.4335
1764,32964,28155,3330,29175,1635.438
1765,32964,28155,3266,29149,1635.4425
1766,32964,28155,3186,29118,1635.447
1767,32964,28155,3120,29086,1635.4515
1768,32964,28155,3056,29052,1635.456
1769,32964,28155,2994,29039,1635.4605
1770,32964,28155,2914,29000,1635.465
1771,32964,28155,2856,28983,1635.4695
1772,32964,28155,2776,28983,1635.474
1773,32417,27627,3026,29039,1635.4785
1774,32417,27627,2962,29032,1635.483
1775,32417,27627,2898,29016,1635.4875
1776,32417,27627,2824,28974,1635.492
1777,32417,27627,2760,28953,1635.4965
1778,32417,27627,2706,28952,1635.501
1779,32417,27627,2626,28951,1635.5055
1780,32417,27627,2560,28922,1635.51
1781,31870,27099,10224,31187,1635.5145
1782,31870,27099,10080,31157,1635.519
1783,31870,27099,9954,31129,1635.5235
1784,31870,27099,9810,31086,1635.528
1785,31870,27099,9640,31032,1635.5325
1786,31870,27099,9496,30988,1635.537
1787,31870,27099,9362,30954,1635.5415
1788,31870,27099,9186,30863,1635.546
1789,31870,27099,9040,30780,1635.5505
1790,31870,27099,8896,30695,1635.555
1791,31870,27099,8770,30651,1635.5595
1792,31870,27099,8616,30586,1635.564
1793,31870,27099,8488,30542,1635.5685
1794,31323,26571,9010,30587,1635.573
1795,31323,26571,8914,30526,1635.5775
1796,31323,26571,8786,30445,1635.582
1797,31323,26571,8642,30351,1635.5865
1798,31323,26571,8504,30271,1635.591
1799,31323,26571,8370,30200,1635.5955
1800,31323,26571,8242,30136,1635.6
1801,31323,26571,8112,30072,1635.6045
1802,31323,26571,7984,30027,1635.609
1803,31323,26571,7858,29982,1635.6135
1804,31323,26571,7730,29934,1635.618
1805,31323,26571,7592,29886,1635.6225
1806,31323,26571,7464,29854,1635.627
1807,30776,26043,7938,29902,1635.6315
1808,30776,26043,7842,29884,1635.636
1809,30776,26043,7714,29835,1635.6405
1810,30776,26043,7592,29805,1635.645
1811,30776,26043,7464,29758,1635.6495
1812,30776,26043,7346,29743,1635.654
1813,30776,26043,7218,29691,1635.6585
1814,30776,26043,7104,29655,1635.663
1815,30776,26043,6992,29631,1635.6675
1816,30776,26043,6882,29607,1635.672
1817,30776,26043,6754,29559,1635.6765
1818,30776,26043,6632,29518,1635.681
1819,30776,26043,6520,29478,1635.6855
1820,30229,25515,6962,29567,1635.69
1821,30229,25515,6898,29534,1635.6945
1822,30229,25515,6786,29467,1635.699
1823,30229,25515,6664,29389,1635.7035
1824,30229,25515,6568,29341,1635.708
1825,30229,25515,6450,29292,1635.7125
1826,30229,25515,6338,29230,1635.717
1827,30229,25515,6226,29175,1635.7215
1828,30229,25515,6112,29103,1635.726
1829,30229,25515,6034,29068,1635.7305
1830,30229,25515,5922,29008,1635.735
1831,30229,25515,5810,28952,1635.7395
1832,30229,25515,5704,28904,1635.744
1833,30229,25515,5608,28875,1635.7485
1834,29682,24987,5992,28925,1635.753
1835,29682,24987,5880,28878,1635.7575
1836,29682,24987,5816,28859,1635.762
1837,29682,24987,5720,28823,1635.7665
1838,29682,24987,5608,28783,1635.771
1839,29682,24987,5522,28782,1635.7755
1840,29682,24987,5426,28759,1635.78
1841,29682,24987,5328,28718,1635.7845
1842,29682,24987,5216,28659,1635.789
1843,29682,24987,5138,28639,1635.7935
1844,29682,24987,5042,28632,1635.798
1845,29127,24453,5408,28735,1635.8025
1846,29127,24453,5328,28701,1635.807
1847,29127,24453,5232,28653,1635.8115
1848,29127,24453,5154,28606,1635.816
1849,29127,24453,5058,28543,1635.8205
1850,29127,24453,4978,28518,1635.825
1851,29127,24453,4888,28463,1635.8295
1852,29127,24453,4792,28409,1635.834
1853,29127,24453,4722,28367,1635.8385
1854,29127,24453,4626,28284,1635.843
1855,29127,24453,4528,28206,1635.8475
1856,29127,24453,4448,28137,1635.852
1857,29127,24453,4370,28083,1635.8565
1858,29127,24453,4290,28023,1635.861
1859,28680,24018,4530,28023,1635.8655
1860,28680,24018,4450,27959,1635.87
1861,28680,24018,4386,27894,1635.8745
1862,28680,24018,4306,27828,1635.879
1863,28680,24018,4226,27755,1635.8835
1864,28680,24018,4136,27687,1635.888
1865,28680,24018,4056,27632,1635.8925
1866,28680,24018,3986,27611,1635.897
1867,28680,24018,3906,27565,1635.9015
1868,28680,24018,3824,27511,1635.906
1869,28680,24018,3744,27484,1635.9105
1870,28233,23583,3984,27550,1635.915
1871,28233,23583,3904,27516,1635.9195
1872,28233,23583,3856,27509,1635.924
1873,28233,23583,3776,27479,1635.9285
1874,28233,23583,3696,27451,1635.933
1875,28233,23583,3634,27437,1635.9375
1876,28233,23583,3554,27390,1635.942
1877,28233,23583,3480,27374,1635.9465
1878,28233,23583,3400,27355,1635.951
1879,28233,23583,3330,27326,1635.9555
1880,28233,23583,3266,27318,1635.96
1881,28233,23583,3186,27285,1635.9645
1882,28233,23583,3120,27241,1635.969
1883,28233,23583,3040,27192,1635.9735
1884,27786,23148,3264,27231,1635.978
1885,27786,23148,3200,27196,1635.9825
1886,27786,23148,3152,27181,1635.987
1887,27786,23148,3072,27111,1635.9915
1888,27786,23148,3010,27094,1635.996
1889,27786,23148,2946,27053,1636.0005
1890,27786,23148,2872,27004,1636.005
1891,27786,23148,2808,26971,1636.0095
1892,27786,23148,2744,26940,1636.014
1893,27786,23148,2674,26918,1636.0185
1894,27786,23148,2594,26868,1636.023
1895,27786,23148,2528,26838,1636.0275
1896,27339,22713,10224,28653,1636.032
1897,27339,22713,10064,28631,1636.0365
1898,27339,22713,9906,28619,1636.041
1899,27339,22713,9778,28602,1636.0455
1900,27339,22713,9624,28588,1636.05
1901,27339,22713,9448,28555,1636.0545
1902,27339,22713,9330,28539,1636.059
1903,27339,22713,9170,28519,1636.0635
1904,27339,22713,9024,28502,1636.068
1905,26892,22278,9522,28607,1636.0725
1906,26892,22278,9426,28603,1636.077
1907,26892,22278,9282,28573,1636.0815
1908,26892,22278,9120,28527,1636.086
1909,26892,22278,8992,28507,1636.0905
1910,26892,22278,8850,28508,1636.095
1911,26892,22278,8706,28475,1636.0995
1912,26892,22278,8568,28464,1636.104
1913,26892,22278,8424,28412,1636.1085
1914,26892,22278,8306,28376,1636.113
1915,26892,22278,8162,28303,1636.1175
1916,26445,21843,8642,28414,1636.122
1917,26445,21843,8498,28383,1636.1265
1918,26445,21843,8418,28349,1636.131
1919,26445,21843,8290,28286,1636.1355
1920,26445,21843,8162,28221,1636.14
1921,26445,21843,8032,28142,1636.1445
1922,26445,21843,7904,28075,1636.149
1923,26445,21843,7778,28023,1636.1535
1924,26445,21843,7650,27961,1636.158
1925,26445,21843,7512,27902,1636.1625
1926,26445,21843,7400,27860,1636.167
1927,26445,21843,7282,27797,1636.1715
1928,26445,21843,7138,27709,1636.176
1929,25998,21408,7570,27767,1636.1805
1930,25998,21408,7442,27709,1636.185
1931,25998,21408,7346,27678,1636.1895
1932,25998,21408,7218,27627,1636.194
1933,25998,21408,7104,27577,1636.1985
1934,25998,21408,6992,27550,1636.203
1935,25998,21408,6882,27516,1636.2075
1936,25998,21408,6770,27487,1636.212
1937,25998,21408,6648,27437,1636.2165
1938,25998,21408,6536,27406,1636.221
1939,25998,21408,6418,27374,1636.2255
1940,25998,21408,6306,27328,1636.23
1941,25551,20973,6728,27451,1636.2345
1942,25551,20973,6632,27414,1636.239
1943,25551,20973,6520,27372,1636.2435
1944,25551,20973,6418,27341,1636.248
1945,25551,20973,6306,27293,1636.2525
1946,25551,20973,6192,27225,1636.257
1947,25551,20973,6064,27159,1636.2615
1948,25551,20973,5970,27118,1636.266
1949,25551,20973,5874,27065,1636.2705
1950,25551,20973,5768,27002,1636.275
1951,25551,20973,5672,26955,1636.2795
1952,25104,20538,6050,27035,1636.284
1953,25104,20538,5954,26974,1636.2885
1954,25104,20538,5842,26903,1636.293
1955,25104,20538,5736,26839,1636.2975
1956,25104,20538,5640,26776,1636.302
1957,25104,20538,5554,26747,1636.3065
1958,25104,20538,5442,26698,1636.311
1959,25104,20538,5344,26635,1636.3155
1960,25104,20538,5248,26588,1636.32
1961,25104,20538,5154,26553,1636.3245
1962,25104,20538,5074,26524,1636.329
1963,25104,20538,4978,26491,1636.3335
1964,25104,20538,4872,26459,1636.338
1965,25104,20538,4776,26460,1636.3425
1966,24653,20096,5112,26558,1636.347
1967,24653,20096,5032,26553,1636.3515
1968,24653,20096,4968,26542,1636.356
1969,24653,20096,4872,26510,1636.3605
1970,24653,20096,4792,26493,1636.365
1971,24653,20096,4690,26491,1636.3695
1972,24653,20096,4610,26461,1636.374
1973,24653,20096,4512,26428,1636.3785
1974,24653,20096,4432,26397,1636.383
1975,24653,20096,4338,26361,1636.3875
1976,24653,20096,4274,26350,1636.392
1977,24653,20096,4184,26328,1636.3965
1978,24653,20096,4088,26289,1636.401
1979,24243,19741,4360,26428,1636.4055
1980,24243,19741,4280,26368,1636.41
1981,24243,19741,4216,26328,1636.4145
1982,24243,19741,4136,26271,1636.419
1983,24243,19741,4056,26226,1636.4235
1984,24243,19741,3986,26197,1636.428
1985,24243,19741,3906,26140,1636.4325
1986,24243,19741,3824,26076,1636.437
1987,24243,19741,3744,26019,1636.4415
1988,24243,19741,3666,25975,1636.446
1989,24243,19741,3586,25912,1636.4505
1990,23833,19386,3826,25998,1636.455
1991,23833,19386,3746,25952,1636.4595
1992,23833,19386,3698,25927,1636.464
1993,23833,19386,3618,25868,1636.4685
1994,23833,19386,3538,25822,1636.473
1995,23833,19386,3480,25787,1636.4775
1996,23833,19386,3400,25742,1636.482
1997,23833,19386,3314,25711,1636.4865
1998,23833,19386,3250,25690,1636.491
